commenter,poster
Eigengrad,PossessionStandard42
PossessionStandard42,PossessionStandard42
Eigengrad,PossessionStandard42
needlzor,DigRemarkable6722
needlzor,Educational-Moose-87
Educational-Moose-87,Educational-Moose-87
needlzor,Educational-Moose-87
Educational-Moose-87,Educational-Moose-87
needlzor,Educational-Moose-87
vulevu25,Educational-Moose-87
carloserm,krev1ce
ph0rk,troymcclurre
youarebadatyourjob,troymcclurre
kathurima_4,troymcclurre
Ready-Date-8615,troymcclurre
philbearsubstack,troymcclurre
Life_time_learner,troymcclurre
CerebralBypass,Crafty_Inevitable_22
physics_masochist,Crafty_Inevitable_22
glebelg2,Crafty_Inevitable_22
RBARBAd,Crafty_Inevitable_22
esoterick0515,Crafty_Inevitable_22
Rusty_B_Good,Crafty_Inevitable_22
Crafty_Inevitable_22,Crafty_Inevitable_22
Rockingduck-2014,Crafty_Inevitable_22
Odd_Recognition2199,Crafty_Inevitable_22
RBARBAd,Crafty_Inevitable_22
Crafty_Inevitable_22,Crafty_Inevitable_22
Crafty_Inevitable_22,Crafty_Inevitable_22
Crafty_Inevitable_22,Crafty_Inevitable_22
CerebralBypass,Crafty_Inevitable_22
esoterick0515,Crafty_Inevitable_22
Crafty_Inevitable_22,Crafty_Inevitable_22
Ill_Department_2055,Crafty_Inevitable_22
CerebralBypass,Crafty_Inevitable_22
CerebralBypass,Crafty_Inevitable_22
Crafty_Inevitable_22,Crafty_Inevitable_22
Crafty_Inevitable_22,Crafty_Inevitable_22
jt_keis,Crafty_Inevitable_22
QueenFakeyMadeUpTown,Crafty_Inevitable_22
Ill_Department_2055,Crafty_Inevitable_22
CerebralBypass,Crafty_Inevitable_22
Ill_Department_2055,Crafty_Inevitable_22
CerebralBypass,Crafty_Inevitable_22
beerbearbare,Crafty_Inevitable_22
StorageRecess,Crafty_Inevitable_22
RBARBAd,Crafty_Inevitable_22
Ill_Department_2055,Crafty_Inevitable_22
_Jerkus,Crafty_Inevitable_22
drunkinmidget,Crafty_Inevitable_22
drunkinmidget,Crafty_Inevitable_22
mydoglikesbroccoli,Crafty_Inevitable_22
AlaskaScott,Crafty_Inevitable_22
googlywhale,Crafty_Inevitable_22
nsbound,Crafty_Inevitable_22
stackofwits,Crafty_Inevitable_22
r3dl3g,Crafty_Inevitable_22
biodataguy,Crafty_Inevitable_22
boldolive,Crafty_Inevitable_22
AcademicOverAnalysis,Crafty_Inevitable_22
gohanvcell,Crafty_Inevitable_22
iwantabrother,Crafty_Inevitable_22
Annie_James,Crafty_Inevitable_22
Impressive_Device_72,Crafty_Inevitable_22
Impressive_Device_72,Crafty_Inevitable_22
Slow-ish-work,Crafty_Inevitable_22
Orcpawn,Crafty_Inevitable_22
dminmike,Crafty_Inevitable_22
NeonSeahorse873,Crafty_Inevitable_22
LD_PhD,Crafty_Inevitable_22
cienfuegos__,Crafty_Inevitable_22
taterthottrot,Crafty_Inevitable_22
aaaaaabaaaaaabaaaaaa,Crafty_Inevitable_22
follow_illumination,Crafty_Inevitable_22
GeraldLivings,Crafty_Inevitable_22
GasBallast,Crafty_Inevitable_22
meowmemeow,Crafty_Inevitable_22
catfoodspork,Crafty_Inevitable_22
Crafty_Inevitable_22,Crafty_Inevitable_22
Crafty_Inevitable_22,Crafty_Inevitable_22
Crafty_Inevitable_22,Crafty_Inevitable_22
Crafty_Inevitable_22,Crafty_Inevitable_22
Crafty_Inevitable_22,Crafty_Inevitable_22
Crafty_Inevitable_22,Crafty_Inevitable_22
Crafty_Inevitable_22,Crafty_Inevitable_22
LD_PhD,Crafty_Inevitable_22
cienfuegos__,Crafty_Inevitable_22
Crafty_Inevitable_22,Crafty_Inevitable_22
AcademicOverAnalysis,Crafty_Inevitable_22
MyopicMycroft,Crafty_Inevitable_22
stackofwits,Crafty_Inevitable_22
broken_symmetry_,Crafty_Inevitable_22
ProfessorrFate,Crafty_Inevitable_22
pinkjellykins,Crafty_Inevitable_22
taterthottrot,Crafty_Inevitable_22
Hungry-Recording-635,Crafty_Inevitable_22
Hungry-Recording-635,Crafty_Inevitable_22
googlywhale,Crafty_Inevitable_22
StorageRecess,Crafty_Inevitable_22
Odd_Recognition2199,Crafty_Inevitable_22
Annie_James,Crafty_Inevitable_22
OkHeight9133,Crafty_Inevitable_22
AlbertP95,randomtablesss
kathurima_4,randomtablesss
secret_tiger101,randomtablesss
fancyfootwork19,randomtablesss
rockdoc6881,randomtablesss
PhDDDDD,randomtablesss
Ohm_stop_resisting,randomtablesss
arpitsinha21,randomtablesss
randomtablesss,randomtablesss
GirlGiants,randomtablesss
confuciansage,randomtablesss
Drlmichele88,CharIzArch
Turbulent-Beyond-781,Business-Kale-1406
CerebralBypass,dirtyb3ats
dirtyb3ats,dirtyb3ats
jt_keis,dirtyb3ats
CerebralBypass,jt_keis
Bastillian_Fig,jt_keis
copyverbatim,jt_keis
armevans,jt_keis
WitnessNo8046,jt_keis
cheatersfive,jt_keis
Quantum_Epigenome,jt_keis
ahudson33,jt_keis
aftersox,jt_keis
Adamkarlson,jt_keis
scubadogmom,jt_keis
henare,confused_fused
lostintranslation36,confused_fused
Orcpawn,pageowl
pageowl,pageowl
Threefriendsofwinter,pageowl
frugalacademic,pageowl
pageowl,pageowl
pageowl,pageowl
pageowl,pageowl
pageowl,pageowl
pageowl,pageowl
Ill_Department_2055,pageowl
Over_Weekend_5939,pageowl
Life_time_learner,jacknunn
aaaaaabaaaaaabaaaaaa,jacknunn
CliftonReed,jacknunn
jacknunn,jacknunn
jacknunn,jacknunn
drvictoriosa,jacknunn
Life_time_learner,jacknunn
urbanaprof,jacknunn
imranitpro,jacknunn
EconomistPunter,Genedide
Eigengrad,Genedide
PristineFault663,Genedide
Master_Cat2725,Genedide
cheatersfive,Genedide
sporkwantsfoon,Genedide
Genedide,Genedide
Genedide,Genedide
ProfessorrFate,Genedide
iwithouti,Genedide
Rockingduck-2014,Genedide
Genedide,Genedide
confuciansage,Genedide
Sleepless_in_MA,You_Stole_My_Hot_Dog
charletteswebb,You_Stole_My_Hot_Dog
ProfessorrFate,You_Stole_My_Hot_Dog
You_Stole_My_Hot_Dog,You_Stole_My_Hot_Dog
You_Stole_My_Hot_Dog,You_Stole_My_Hot_Dog
drvictoriosa,You_Stole_My_Hot_Dog
drvictoriosa,You_Stole_My_Hot_Dog
You_Stole_My_Hot_Dog,You_Stole_My_Hot_Dog
charletteswebb,You_Stole_My_Hot_Dog
cropguru357,You_Stole_My_Hot_Dog
AcademicOverAnalysis,You_Stole_My_Hot_Dog
the_Q_spice,You_Stole_My_Hot_Dog
Eigengrad,You_Stole_My_Hot_Dog
Eigengrad,You_Stole_My_Hot_Dog
alaskawolfjoe,You_Stole_My_Hot_Dog
JackMitcham,You_Stole_My_Hot_Dog
ElCondorHerido,You_Stole_My_Hot_Dog
scintor,You_Stole_My_Hot_Dog
beerbearbare,You_Stole_My_Hot_Dog
You_Stole_My_Hot_Dog,You_Stole_My_Hot_Dog
raninto,You_Stole_My_Hot_Dog
carlgorn,You_Stole_My_Hot_Dog
charletteswebb,You_Stole_My_Hot_Dog
aftersox,You_Stole_My_Hot_Dog
You_Stole_My_Hot_Dog,You_Stole_My_Hot_Dog
FawltyPython,You_Stole_My_Hot_Dog
Eigengrad,You_Stole_My_Hot_Dog
professorbix,You_Stole_My_Hot_Dog
HeyTherePlato,You_Stole_My_Hot_Dog
alaskawolfjoe,You_Stole_My_Hot_Dog
theredwoman95,You_Stole_My_Hot_Dog
JimmyTheCrossEyedDog,You_Stole_My_Hot_Dog
professortosser,You_Stole_My_Hot_Dog
ph3m3,You_Stole_My_Hot_Dog
ph3m3,You_Stole_My_Hot_Dog
Eigengrad,You_Stole_My_Hot_Dog
FawltyPython,You_Stole_My_Hot_Dog
real_cool_club,You_Stole_My_Hot_Dog
alaskawolfjoe,You_Stole_My_Hot_Dog
SeaTransportation505,You_Stole_My_Hot_Dog
real_cool_club,You_Stole_My_Hot_Dog
real_cool_club,You_Stole_My_Hot_Dog
real_cool_club,You_Stole_My_Hot_Dog
Eigengrad,You_Stole_My_Hot_Dog
IHTFPhD,You_Stole_My_Hot_Dog
versaceblues,You_Stole_My_Hot_Dog
versaceblues,You_Stole_My_Hot_Dog
alaskawolfjoe,You_Stole_My_Hot_Dog
dammed,You_Stole_My_Hot_Dog
alaskawolfjoe,You_Stole_My_Hot_Dog
alaskawolfjoe,You_Stole_My_Hot_Dog
alaskawolfjoe,You_Stole_My_Hot_Dog
real_cool_club,You_Stole_My_Hot_Dog
alaskawolfjoe,You_Stole_My_Hot_Dog
You_Stole_My_Hot_Dog,You_Stole_My_Hot_Dog
You_Stole_My_Hot_Dog,You_Stole_My_Hot_Dog
catfoodspork,You_Stole_My_Hot_Dog
iwantabrother,You_Stole_My_Hot_Dog
giftedgothic,You_Stole_My_Hot_Dog
alaskawolfjoe,You_Stole_My_Hot_Dog
iwantabrother,You_Stole_My_Hot_Dog
magpie2295,You_Stole_My_Hot_Dog
stormchanger12,You_Stole_My_Hot_Dog
impermissibility,You_Stole_My_Hot_Dog
ThiccaryClinton,You_Stole_My_Hot_Dog
ThiccaryClinton,You_Stole_My_Hot_Dog
ThiccaryClinton,You_Stole_My_Hot_Dog
aaaaaabaaaaaabaaaaaa,You_Stole_My_Hot_Dog
reyadeyat,You_Stole_My_Hot_Dog
Arhgef,You_Stole_My_Hot_Dog
ph3m3,You_Stole_My_Hot_Dog
GeraldLivings,You_Stole_My_Hot_Dog
alaskawolfjoe,You_Stole_My_Hot_Dog
real_cool_club,You_Stole_My_Hot_Dog
chain_gun_murderhobo,You_Stole_My_Hot_Dog
raninto,You_Stole_My_Hot_Dog
nohann,You_Stole_My_Hot_Dog
alaskawolfjoe,You_Stole_My_Hot_Dog
professortosser,You_Stole_My_Hot_Dog
You_Stole_My_Hot_Dog,You_Stole_My_Hot_Dog
ElCondorHerido,You_Stole_My_Hot_Dog
iMissMacandCheese,You_Stole_My_Hot_Dog
Dr_nacho_,imranitpro
Horatio_the_hat,imranitpro
imranitpro,imranitpro
imranitpro,imranitpro
nguyentandat23496,imranitpro
imranitpro,imranitpro
CowsDontTipForShit,gele1990
physics_masochist,gele1990
stevejpurves,gele1990
gele1990,gele1990
gele1990,gele1990
gele1990,gele1990
CowsDontTipForShit,gele1990
stevejpurves,gele1990
kathurima_4,Tough_Nose_2517
jt_keis,Tough_Nose_2517
JahShuaaa,Tough_Nose_2517
Life_time_learner,Tough_Nose_2517
mm9982,Tough_Nose_2517
GeraldLivings,Tough_Nose_2517
GeraldLivings,Tough_Nose_2517
hockeyman1982,Tough_Nose_2517
grfede1,Tough_Nose_2517
arpitsinha21,Tough_Nose_2517
Mediocre-Narwhal4289,Tough_Nose_2517
Ill_Assumption_8039,Tough_Nose_2517
a_r_s_,mimariposa
SmallScot,mimariposa
SmallScot,mimariposa
armevans,mimariposa
a_r_s_,mimariposa
o0genesis0o,mimariposa
esalman,mimariposa
jlambvo,mimariposa
ElCondorHerido,mimariposa
EconomistPunter,ExogenyKarl
pantaloonsofJUSTICE,ExogenyKarl
Eigengrad,ExogenyKarl
EconomistPunter,ExogenyKarl
jlambvo,ExogenyKarl
jlambvo,ExogenyKarl
yarb3d,DarkGrayDog
Eigengrad,JahShuaaa
RoyalEagle0408,JahShuaaa
resonant_waves,JahShuaaa
drongotoir,JahShuaaa
LittlePrimate,JahShuaaa
4thofthe4th,JahShuaaa
lostintranslation36,JahShuaaa
4thofthe4th,JahShuaaa
4thofthe4th,JahShuaaa
frugalacademic,JahShuaaa
IHTFPhD,JahShuaaa
Cryptizard,JahShuaaa
FawltyPython,JahShuaaa
Stauce52,JahShuaaa
lacunosum,JahShuaaa
DerProfessor,JahShuaaa
DerProfessor,JahShuaaa
MrLegilimens,JahShuaaa
TheJadedEmperor,JahShuaaa
BumAndBummer,JahShuaaa
JahShuaaa,JahShuaaa
South_Data2898,JahShuaaa
Reasonable-Escape874,JahShuaaa
NanashiSaito,JahShuaaa
DerProfessor,JahShuaaa
NanashiSaito,JahShuaaa
DerProfessor,JahShuaaa
NanashiSaito,JahShuaaa
lacunosum,JahShuaaa
jt_keis,Usual-Researcher-475
SnowblindAlbino,Usual-Researcher-475
arpitsinha21,Usual-Researcher-475
Mediocre-Narwhal4289,Usual-Researcher-475
Muskannee,Usual-Researcher-475
awshucksss,linatet
WorkingEfficient47,linatet
spots_reddit,linatet
Diligent-Try9840,linatet
erniernie,linatet
HumanXeroxMachine,linatet
BoneMastered,linatet
LanguishingLinguist,linatet
tert_butoxide,linatet
Odd_Recognition2199,linatet
grfede1,linatet
iamtheescapegoat,linatet
GarmonboziaBlues,linatet
komerj2,linatet
ph0rk,linatet
linatet,linatet
linatet,linatet
linatet,linatet
linatet,linatet
linatet,linatet
linatet,linatet
linatet,linatet
linatet,linatet
linatet,linatet
erniernie,linatet
linatet,linatet
linatet,linatet
linatet,linatet
komerj2,linatet
tert_butoxide,linatet
spots_reddit,linatet
linatet,linatet
linatet,linatet
komerj2,linatet
linatet,linatet
spots_reddit,linatet
linatet,linatet
WorkingEfficient47,linatet
spots_reddit,linatet
tert_butoxide,linatet
linatet,linatet
spots_reddit,linatet
ph0rk,linatet
Odd_Recognition2199,linatet
linatet,linatet
EconomistPunter,Slow-ish-work
Galactica13x,Slow-ish-work
Slow-ish-work,Slow-ish-work
Slow-ish-work,Slow-ish-work
EconomistPunter,Slow-ish-work
Galactica13x,Slow-ish-work
Slow-ish-work,Slow-ish-work
Galactica13x,Slow-ish-work
GasBallast,Slow-ish-work
Red_lemon29,Slow-ish-work
Red_lemon29,Slow-ish-work
Professional_Owl96,Slow-ish-work
FamousNoise6,Slow-ish-work
ObjectOk8141,Slow-ish-work
OneWhile6213,Slow-ish-work
Galactica13x,Slow-ish-work
Frenchfryfairy5019,Emotional-Use-7077
cgia,Emotional-Use-7077
activelypooping,Genedide
Genedide,Genedide
activelypooping,Genedide
GANDHI-BOT,Genedide
SSVicious,Genedide
Koenybahnoh,HERM8
HERM8,HERM8
Odd_Recognition2199,HERM8
Koenybahnoh,HERM8
HERM8,HERM8
Othered_Academic,HERM8
Ill_Department_2055,HERM8
carloserm,eorltheimperiex
Mj_Tom,eorltheimperiex
crunchycyborg,eorltheimperiex
poobreakphilosopher,tessalator_2025
tessalator_2025,tessalator_2025
luwe4243,ForeverJung101
ForeverJung101,ForeverJung101
ForeverJung101,ForeverJung101
SnowblindAlbino,ForeverJung101
ForeverJung101,ForeverJung101
dugtrio77,KaleMunoz
Life_time_learner,KaleMunoz
awshucksss,fieldworkfroggy
AllThatsFitToFlam,fieldworkfroggy
fieldworkfroggy,fieldworkfroggy
beerbearbare,fieldworkfroggy
fieldworkfroggy,fieldworkfroggy
Maddprofessor,fieldworkfroggy
SnowblindAlbino,fieldworkfroggy
yo6ovd,fieldworkfroggy
gutprof,fieldworkfroggy
jshamwow,fieldworkfroggy
jshamwow,fieldworkfroggy
beerbearbare,fieldworkfroggy
KingHavana,fieldworkfroggy
wipekitty,fieldworkfroggy
fieldworkfroggy,fieldworkfroggy
Throwaway_shot,justanotheruser991
googlywhale,justanotheruser991
justanotheruser991,justanotheruser991
UnfriendlyChemist,justanotheruser991
Competitive_Bike_486,justanotheruser991
sporkwantsfoon,icansitstill
Sargon920,icansitstill
BloodyRears,icansitstill
FamousNoise6,icansitstill
cropguru357,icansitstill
icansitstill,icansitstill
icansitstill,icansitstill
FamousNoise6,icansitstill
beerbearbare,icansitstill
professorbix,icansitstill
Othered_Academic,icansitstill
frugalacademic,icansitstill
ljoanofarc,icansitstill
Rockingduck-2014,icansitstill
keicmkberly,icansitstill
Hangry_Squirrel,icansitstill
icansitstill,icansitstill
BloodyRears,icansitstill
icansitstill,icansitstill
Secret_Dragonfly9588,icansitstill
cropguru357,icansitstill
SnowblindAlbino,icansitstill
SnowblindAlbino,icansitstill
Status_Tradition6594,icansitstill
icansitstill,icansitstill
Status_Tradition6594,icansitstill
AcademicOverAnalysis,icansitstill
Othered_Academic,icansitstill
icansitstill,icansitstill
Othered_Academic,icansitstill
FamousNoise6,Lynx-Mom
Lynx-Mom,Lynx-Mom
Nosebleed68,Lynx-Mom
Lynx-Mom,Lynx-Mom
Nosebleed68,Lynx-Mom
Life_time_learner,Lynx-Mom
AlbertP95,Lynx-Mom
FamousNoise6,Lynx-Mom
SSVicious,Hefty-Parsnip-7979
in_finiti,Hefty-Parsnip-7979
PhDDDDD,Striking-Warning9533
Striking-Warning9533,Striking-Warning9533
PhDDDDD,Striking-Warning9533
mhchewy,Striking-Warning9533
GiantRaspberry,Striking-Warning9533
HaiWorld,Striking-Warning9533
Active_Oil_4045,Striking-Warning9533
PhDDDDD,Striking-Warning9533
rejectallgoats,Striking-Warning9533
show_me_the_source,Striking-Warning9533
PhDDDDD,Striking-Warning9533
show_me_the_source,Striking-Warning9533
PhDDDDD,Striking-Warning9533
Cool_Good4245,Striking-Warning9533
DubsToastedBread,Striking-Warning9533
Slimydust,Striking-Warning9533
cienfuegos__,Striking-Warning9533
show_me_the_source,Striking-Warning9533
AcademicOverAnalysis,Striking-Warning9533
grinchman042,Striking-Warning9533
onetwoskeedoo,Striking-Warning9533
cienfuegos__,Striking-Warning9533
show_me_the_source,Striking-Warning9533
tchomptchomp,Striking-Warning9533
Striking-Warning9533,Striking-Warning9533
tchomptchomp,Striking-Warning9533
Pale_Effort6252,DeepSeaMouse
lostintranslation36,DeepSeaMouse
StorageRecess,waytogoal
sadgalnini,waytogoal
waytogoal,waytogoal
waytogoal,waytogoal
reverseipoquestion,waytogoal
GarmonboziaBlues,waytogoal
StorageRecess,waytogoal
waytogoal,waytogoal
perishingtardis,waytogoal
nolard12,waytogoal
sadgalnini,waytogoal
MulberryAggravating7,waytogoal
waytogoal,waytogoal
waytogoal,waytogoal
waytogoal,waytogoal
MulberryAggravating7,waytogoal
reverseipoquestion,waytogoal
ZinniaPurpleDoodle,doctorofthebooks
professorbix,doctorofthebooks
ZinniaPurpleDoodle,doctorofthebooks
professorbix,doctorofthebooks
rejectallgoats,doctorofthebooks
doctorofthebooks,doctorofthebooks
doctorofthebooks,doctorofthebooks
doctorofthebooks,doctorofthebooks
doctorofthebooks,doctorofthebooks
doctorofthebooks,doctorofthebooks
doctorofthebooks,doctorofthebooks
youarebadatyourjob,gud4nothin
FamousNoise6,gud4nothin
Orcpawn,gud4nothin
carloserm,gud4nothin
sadgalnini,UlteriorMotifCel
alaskawolfjoe,UlteriorMotifCel
vortex_time,UlteriorMotifCel
Ill_Department_2055,UlteriorMotifCel
KaesekopfNW,UlteriorMotifCel
joseph_fourier,UlteriorMotifCel
mmilthomasn,Beliavsky
partsunknown,Beliavsky
Ent_Soviet,Beliavsky
anirudhsky,presidentkangaroo
aaaaaabaaaaaabaaaaaa,presidentkangaroo
beeeeeeeeeeeeer,presidentkangaroo
presidentkangaroo,presidentkangaroo
Life_time_learner,presidentkangaroo
cienfuegos__,presidentkangaroo
cienfuegos__,presidentkangaroo
AcademicOverAnalysis,presidentkangaroo
iamnotroberts,presidentkangaroo
needlzor,presidentkangaroo
DangerousBill,presidentkangaroo
TheBritishGent,presidentkangaroo
leondz,presidentkangaroo
BucoJucoProf13,presidentkangaroo
nrnrnr,presidentkangaroo
Josette22,presidentkangaroo
pheregas,presidentkangaroo
CactusLetter,presidentkangaroo
Cryptizard,jasiekbielecki
StatsOnATrain,jasiekbielecki
jasiekbielecki,jasiekbielecki
Cryptizard,jasiekbielecki
jasiekbielecki,jasiekbielecki
jasiekbielecki,jasiekbielecki
yarpen_z,jasiekbielecki
jasiekbielecki,jasiekbielecki
yarpen_z,jasiekbielecki
joetroughton,jasiekbielecki
biodataguy,jasiekbielecki
jasiekbielecki,jasiekbielecki
jasiekbielecki,jasiekbielecki
jasiekbielecki,jasiekbielecki
biodataguy,jasiekbielecki
jasiekbielecki,jasiekbielecki
mechap_,jasiekbielecki
StorageRecess,jasiekbielecki
cienfuegos__,jasiekbielecki
jasiekbielecki,jasiekbielecki
jasiekbielecki,jasiekbielecki
jasiekbielecki,jasiekbielecki
jasiekbielecki,jasiekbielecki
jasiekbielecki,jasiekbielecki
jasiekbielecki,jasiekbielecki
jasiekbielecki,jasiekbielecki
wigglytails,jasiekbielecki
wigglytails,jasiekbielecki
wigglytails,jasiekbielecki
StorageRecess,jasiekbielecki
biodataguy,jasiekbielecki
jasiekbielecki,jasiekbielecki
AliasNefertiti,MaskedMathematician
ostuberoes,MaskedMathematician
theredwoman95,MaskedMathematician
kimchifart,MaskedMathematician
PristineFault663,MaskedMathematician
Historical-Fan-6129,MaskedMathematician
Historical-Fan-6129,MaskedMathematician
AdventureDentures,MaskedMathematician
GiantRaspberry,MaskedMathematician
metametapraxis,MaskedMathematician
carloserm,MaskedMathematician
Odd_Recognition2199,MaskedMathematician
DanskNils,MaskedMathematician
mleok,MaskedMathematician
mleok,MaskedMathematician
travelingtraveling_,MaskedMathematician
ScubaSam,MaskedMathematician
ScubaSam,MaskedMathematician
DanskNils,MaskedMathematician
WilliamMinorsWords,MaskedMathematician
WilliamMinorsWords,MaskedMathematician
Obvious_Brain,MaskedMathematician
Odd_Recognition2199,MaskedMathematician
Historical-Fan-6129,MaskedMathematician
vulevu25,MaskedMathematician
polyvocal,MaskedMathematician
andyYuen221,MaskedMathematician
kamikaze3rc,MaskedMathematician
professorbix,MaskedMathematician
ph0rk,MaskedMathematician
kimchifart,MaskedMathematician
Odd_Recognition2199,MaskedMathematician
drkittymow,MaskedMathematician
Obvious_Brain,MaskedMathematician
andyYuen221,MaskedMathematician
Obvious_Brain,MaskedMathematician
MaskedMathematician,MaskedMathematician
confuciansage,MaskedMathematician
confuciansage,MaskedMathematician
blueb0g,MaskedMathematician
Historical-Fan-6129,MaskedMathematician
Historical-Fan-6129,MaskedMathematician
doctorofthebooks,MaskedMathematician
MulberryAggravating7,MaskedMathematician
mleok,MaskedMathematician
mleok,MaskedMathematician
kimchifart,MaskedMathematician
kimchifart,MaskedMathematician
mleok,MaskedMathematician
WilliamMinorsWords,Suntzie
Suntzie,Suntzie
cosmospring,AvailableBike9260
AvailableBike9260,AvailableBike9260
Pale_Effort6252,stella_luna27
stella_luna27,stella_luna27
MountainRunnerBrunch,fancyschmancy9
fancyschmancy9,fancyschmancy9
selerith2,fancyschmancy9
DCR217,fancyschmancy9
Resilient_Acorn,fancyschmancy9
GarmonboziaBlues,fancyschmancy9
Rockingduck-2014,fancyschmancy9
fancyschmancy9,fancyschmancy9
Sleepygoosehonks,sadoceannoises
Sleepygoosehonks,sadoceannoises
jt_keis,Turbulent-Hippo7551
Significant-Glove521,Turbulent-Hippo7551
fancyfootwork19,Turbulent-Hippo7551
joetroughton,Turbulent-Hippo7551
academia-ModTeam,Turbulent-Hippo7551
beerbearbare,Avacado_Toast6
AcademicOverAnalysis,Avacado_Toast6
onetwoskeedoo,Avacado_Toast6
Avacado_Toast6,Avacado_Toast6
semaforic,Avacado_Toast6
wookiewookiewhat,Avacado_Toast6
JimmyTheCrossEyedDog,Avacado_Toast6
Aromatic-Garbage-567,Avacado_Toast6
RoboticElfJedi,Avacado_Toast6
Avacado_Toast6,Avacado_Toast6
withextrasprinkles,Avacado_Toast6
flutterfly28,Avacado_Toast6
travelingtraveling_,Avacado_Toast6
You-Only-YOLO_Once,Avacado_Toast6
Estus_Is_Life,Top_Ad_2405
reserachmoonshot,Top_Ad_2405
Top_Ad_2405,Top_Ad_2405
reserachmoonshot,Top_Ad_2405
Top_Ad_2405,Top_Ad_2405
henare,neurosxnewsletter
academia-ModTeam,neurosxnewsletter
joetroughton,melukia
melukia,melukia
Life_time_learner,melukia
melukia,melukia
Life_time_learner,melukia
cybersatellite,electropop999
joseph_fourier,electropop999
AcademicOverAnalysis,electropop999
tehcelsbro,electropop999
rietveldrefinement,electropop999
joseph_fourier,electropop999
AcademicOverAnalysis,electropop999
joseph_fourier,electropop999
electropop999,electropop999
electropop999,electropop999
electropop999,electropop999
electropop999,electropop999
joseph_fourier,electropop999
electropop999,electropop999
AceyAceyAcey,Significant_Rule_763
rox_et_al,BiscuitPuncher
BiscuitPuncher,BiscuitPuncher
jakelazerz,BiscuitPuncher
undeterred_turtle,BiscuitPuncher
drunkinmidget,BiscuitPuncher
yarb3d,Far-Astronomer-5312
Far-Astronomer-5312,Far-Astronomer-5312
chicajajaja,Far-Astronomer-5312
Far-Astronomer-5312,Far-Astronomer-5312
DangerousBill,Far-Astronomer-5312
DangerousBill,Far-Astronomer-5312
DangerousBill,Deep_Pineapple3710
tripping_right_now,Deep_Pineapple3710
idspispopd0,Deep_Pineapple3710
Deep_Pineapple3710,Deep_Pineapple3710
Deep_Pineapple3710,Deep_Pineapple3710
idspispopd0,Deep_Pineapple3710
idspispopd0,Deep_Pineapple3710
Deep_Pineapple3710,Deep_Pineapple3710
kimchifart,FeatofClay
reserachmoonshot,FeatofClay
lh123456789,onceyoutastejang
EconomistPunter,onceyoutastejang
onceyoutastejang,onceyoutastejang
onceyoutastejang,onceyoutastejang
SloCarJack,onceyoutastejang
carloserm,onceyoutastejang
worst,onceyoutastejang
South_Data2898,onceyoutastejang
learningdesigner,onceyoutastejang
EconomistPunter,onceyoutastejang
Suntzie,onceyoutastejang
jshamwow,onceyoutastejang
Tsuroyu,onceyoutastejang
AnnieSBS,onceyoutastejang
virchownode,onceyoutastejang
Othered_Academic,onceyoutastejang
lh123456789,onceyoutastejang
professorbix,onceyoutastejang
robo-slap,onceyoutastejang
AjisD,onceyoutastejang
dr-dead-inside,vanilla_warfare
phdblue,vanilla_warfare
vanilla_warfare,vanilla_warfare
vanilla_warfare,vanilla_warfare
dr-dead-inside,vanilla_warfare
2hands_bowler,vanilla_warfare
RiverThatBends,vanilla_warfare
AcademicOverAnalysis,vanilla_warfare
Life_time_learner,vanilla_warfare
impermissibility,vanilla_warfare
vanilla_warfare,vanilla_warfare
vanilla_warfare,vanilla_warfare
vanilla_warfare,vanilla_warfare
tertipapse,vanilla_warfare
MulberryAggravating7,vanilla_warfare
vanilla_warfare,vanilla_warfare
MulberryAggravating7,vanilla_warfare
cybersatellite,tuffcookiezz
tuffcookiezz,tuffcookiezz
Yeetgodmcdabking,tuffcookiezz
tuffcookiezz,tuffcookiezz
Yeetgodmcdabking,tuffcookiezz
tuffcookiezz,tuffcookiezz
dancing_leaf_24,tuffcookiezz
sporkwantsfoon,tuffcookiezz
Business_Sun_6762,tuffcookiezz
tuffcookiezz,tuffcookiezz
Business_Sun_6762,tuffcookiezz
EconomistPunter,Psychological_Ear200
SmallScot,Lien_12345
falling_maple,Lien_12345
niceblob,Lien_12345
ayeayefitlike,Lien_12345
radams78,Lien_12345
Hakan_Alhind,Lien_12345
ayeayefitlike,Lien_12345
Hakan_Alhind,Lien_12345
Hakan_Alhind,Lien_12345
aaaaaabaaaaaabaaaaaa,Lien_12345
ayeayefitlike,Lien_12345
leondz,Lien_12345
Andromeda321,Lien_12345
Andromeda321,Lien_12345
ljoanofarc,Lien_12345
tert_butoxide,Lien_12345
Andromeda321,Lien_12345
--MCMC--,Lien_12345
spice-pop,Lien_12345
Sepii,Lien_12345
frugalacademic,Lien_12345
frugalacademic,Lien_12345
frugalacademic,Lien_12345
TheTrub,Lien_12345
DangerousBill,Lien_12345
N0tThatKind0fDoctor,Lien_12345
Fraxial,Lien_12345
Weekly-Ad353,passionteresearcher
CptSmarty,LovelyPeppercorn
LovelyPeppercorn,LovelyPeppercorn
CptSmarty,LovelyPeppercorn
StatsOnATrain,LovelyPeppercorn
professorbix,LovelyPeppercorn
Eigengrad,academicthrowaway089
academicthrowaway089,academicthrowaway089
Eigengrad,academicthrowaway089
Ok-Question6452,academicthrowaway089
MulberryAggravating7,academicthrowaway089
urbanevol,Patient_Map_1519
Patient_Map_1519,Patient_Map_1519
Peermarkify,Patient_Map_1519
dr-dead-inside,Patient_Map_1519
Patient_Map_1519,Patient_Map_1519
TheGoodKitty,Patient_Map_1519
cropguru357,Patient_Map_1519
impermissibility,Patient_Map_1519
mleok,Patient_Map_1519
goaticecream,Patient_Map_1519
_ItWasReallyN0thing,Patient_Map_1519
Patient_Map_1519,Patient_Map_1519
tmvtr,Patient_Map_1519
ph0rk,Patient_Map_1519
DanskNils,Patient_Map_1519
AndrewIsOnline,Patient_Map_1519
Pegrmom1,Patient_Map_1519
cropguru357,Patient_Map_1519
tmvtr,Patient_Map_1519
cropguru357,Patient_Map_1519
awshucksss,Patient_Map_1519
impermissibility,Patient_Map_1519
Drlmichele88,Patient_Map_1519
Crow_with_a_Cheeto,Patient_Map_1519
RaiderOfTheLostShark,Patient_Map_1519
travelingtraveling_,Patient_Map_1519
awshucksss,Patient_Map_1519
IHTFPhD,Patient_Map_1519
flyingwigs1,Patient_Map_1519
EgyptianPhD,Patient_Map_1519
Drused2,Patient_Map_1519
nerdsonarope,Patient_Map_1519
Rusty_B_Good,Patient_Map_1519
yeahyeah817,Patient_Map_1519
N0tThatKind0fDoctor,Patient_Map_1519
gohanvcell,Patient_Map_1519
flyingwigs1,Patient_Map_1519
dravideditor,Patient_Map_1519
Rikou336,Patient_Map_1519
dhaudi,Patient_Map_1519
Life_time_learner,Patient_Map_1519
MayorEricBlazecetti,Patient_Map_1519
krakow7,Patient_Map_1519
mavavilj,Patient_Map_1519
persecutive,Patient_Map_1519
Turbulent-Beyond-781,Patient_Map_1519
Patient_Map_1519,Patient_Map_1519
Uncynical_Diogenes,Patient_Map_1519
drunkinmidget,Patient_Map_1519
fjaoaoaoao,Patient_Map_1519
PhotoJim99,Patient_Map_1519
fjaoaoaoao,Patient_Map_1519
awshucksss,Patient_Map_1519
TheHangedRedeemer,Patient_Map_1519
PhotoJim99,Patient_Map_1519
GOU_FallingOutside,Patient_Map_1519
GOU_FallingOutside,Patient_Map_1519
roseofjuly,Patient_Map_1519
roseofjuly,Patient_Map_1519
MedicTallGuy,Patient_Map_1519
Patient_Map_1519,Patient_Map_1519
Familiar-Unfamiliar,Patient_Map_1519
bigmicrobiome,Patient_Map_1519
dr-dead-inside,Patient_Map_1519
jlambvo,Patient_Map_1519
mulyaaadiiiii,Patient_Map_1519
EgyptianPhD,Patient_Map_1519
Patient_Map_1519,Patient_Map_1519
d4nkgr1l,Patient_Map_1519
Othered_Academic,Peermarkify
Peermarkify,Peermarkify
BalanceInteresting78,Suspicious_Charge
Tahh,bitchybean
Rockingduck-2014,bitchybean
Ill_Department_2055,bitchybean
DrDirtPhD,bitchybean
cheatersfive,bitchybean
JahShuaaa,bitchybean
Professional_Pain411,bitchybean
One_Bed514,bitchybean
frugalacademic,bitchybean
jshamwow,bitchybean
cheatersfive,bitchybean
1001tealeaves,bitchybean
Tahh,bitchybean
1001tealeaves,bitchybean
Tahh,bitchybean
DrDirtPhD,bitchybean
1001tealeaves,bitchybean
ggchappell,denvernativeamerican
denvernativeamerican,denvernativeamerican
travelingtraveling_,denvernativeamerican
PotentiallyPants,denvernativeamerican
pertinex,denvernativeamerican
cowox93112,denvernativeamerican
cowox93112,denvernativeamerican
jucamilomd,miss-L
CerebralBypass,East_Document9071
Lazaryx,East_Document9071
CoinMarket2,East_Document9071
wevegotscience,East_Document9071
CerebralBypass,East_Document9071
Lazaryx,East_Document9071
ILoveEvMed,East_Document9071
DanskNils,East_Document9071
Lazaryx,East_Document9071
impermissibility,East_Document9071
nikkisinpuson,East_Document9071
theredwoman95,East_Document9071
theredwoman95,East_Document9071
impermissibility,East_Document9071
KoosOomakey,East_Document9071
roloclark,East_Document9071
patronuspug,East_Document9071
patronuspug,East_Document9071
throwawaypassingby01,East_Document9071
throwawaypassingby01,East_Document9071
throwawaypassingby01,East_Document9071
throwawaypassingby01,East_Document9071
throwawaypassingby01,East_Document9071
Individual_Worry_377,East_Document9071
Anyun,East_Document9071
biodataguy,East_Document9071
nohann,East_Document9071
nohann,East_Document9071
nohann,East_Document9071
nohann,East_Document9071
nohann,East_Document9071
BlargAttack,East_Document9071
WilliamMinorsWords,East_Document9071
StatsOnATrain,East_Document9071
Lazaryx,East_Document9071
throwawaypassingby01,East_Document9071
qwertysrj,East_Document9071
Life_time_learner,East_Document9071
pseudodoxia,East_Document9071
throwawaypassingby01,East_Document9071
WhyBuyMe,East_Document9071
crims0n-rosella,East_Document9071
East_Document9071,East_Document9071
East_Document9071,East_Document9071
CerebralBypass,annoyedpetparent
Life_time_learner,annoyedpetparent
Tahh,maxkozlov
you_will_be_the_one,maxkozlov
meldiwin,maxkozlov
meldiwin,maxkozlov
ohavocat,maxkozlov
meldiwin,maxkozlov
you_will_be_the_one,maxkozlov
ayeayefitlike,Kuyashi
Stretch-Optimal,SatanicPigeon29
SatanicPigeon29,SatanicPigeon29
Expert_Worry5259,justin_lane
qwerty_bugs,justin_lane
justin_lane,justin_lane
NeguebaFirst,qwerty_bugs
davebothehobo,qwerty_bugs
dreamerv1,qwerty_bugs
Peekochu,qwerty_bugs
qwerty_bugs,qwerty_bugs
qwerty_bugs,qwerty_bugs
qwerty_bugs,qwerty_bugs
dreamerv1,qwerty_bugs
BearJew1991,qwerty_bugs
LucindaGlade,qwerty_bugs
AerosolHubris,qwerty_bugs
nohann,qwerty_bugs
nohann,qwerty_bugs
Tai9ch,qwerty_bugs
BearJew1991,qwerty_bugs
xtt-space,qwerty_bugs
BearJew1991,qwerty_bugs
lf_araujo,qwerty_bugs
statistress,qwerty_bugs
impermissibility,qwerty_bugs
epsilonD3LT4,qwerty_bugs
frugalacademic,qwerty_bugs
god_with_a_trolley,qwerty_bugs
davebothehobo,qwerty_bugs
ph0rk,qwerty_bugs
thegreenaquarium,qwerty_bugs
thegreenaquarium,qwerty_bugs
thegreenaquarium,qwerty_bugs
epsilonD3LT4,qwerty_bugs
nohann,qwerty_bugs
throwawaypassingby01,qwerty_bugs
epigeneticjoe,qwerty_bugs
octocuddles,qwerty_bugs
octocuddles,qwerty_bugs
octocuddles,qwerty_bugs
octocuddles,qwerty_bugs
dreamerv1,qwerty_bugs
MWigg,qwerty_bugs
epsilonD3LT4,qwerty_bugs
god_with_a_trolley,qwerty_bugs
god_with_a_trolley,qwerty_bugs
octocuddles,qwerty_bugs
octocuddles,qwerty_bugs
yeoldetelephone,qwerty_bugs
octocuddles,qwerty_bugs
god_with_a_trolley,qwerty_bugs
Constant-Bar-843,qwerty_bugs
crims0n-rosella,qwerty_bugs
crims0n-rosella,qwerty_bugs
crims0n-rosella,qwerty_bugs
throwawaypassingby01,qwerty_bugs
octocuddles,qwerty_bugs
octocuddles,qwerty_bugs
crims0n-rosella,qwerty_bugs
octocuddles,qwerty_bugs
Hopere,goldentournesol
belledenuit,goldentournesol
BlargAttack,goldentournesol
wattl0rd,SS_Academics
_Jerkus,Alertt_53
ch1253,Alertt_53
frugalacademic,Invariant_apple
Invariant_apple,Invariant_apple
Freedom420911,Invariant_apple
ming5566,Invariant_apple
Invariant_apple,Invariant_apple
Acceptable-Milk-314,jnthhk
Anyun,jnthhk
learningdesigner,jnthhk
EconomistPunter,MaskedMathematician
AllThatsFitToFlam,MaskedMathematician
frugalacademic,MaskedMathematician
cropguru357,MaskedMathematician
Dr_nacho_,MaskedMathematician
doweevergraduate,MaskedMathematician
CliftonReed,MaskedMathematician
BarbaraMerkin,MaskedMathematician
Ruby_Ruth,MaskedMathematician
GoblinGirlfriend,MaskedMathematician
No-Calligrapher-3630,MaskedMathematician
warneagle,MaskedMathematician
hot_chem,doweevergraduate
Ill_Department_2055,doweevergraduate
Nosebleed68,doweevergraduate
doweevergraduate,doweevergraduate
doweevergraduate,doweevergraduate
Ill_Department_2055,doweevergraduate
Secret_Dragonfly9588,doweevergraduate
scrubjays,doweevergraduate
aaaaaabaaaaaabaaaaaa,paxcow82
meldiwin,paxcow82
aaaaaabaaaaaabaaaaaa,paxcow82
meldiwin,paxcow82
aaaaaabaaaaaabaaaaaa,paxcow82
meldiwin,paxcow82
aaaaaabaaaaaabaaaaaa,paxcow82
Koenybahnoh,frugalacademic
AceyAceyAcey,frugalacademic
Resilient_Acorn,frugalacademic
Life_time_learner,frugalacademic
frugalacademic,frugalacademic
AcademicOverAnalysis,Klauskitty
DrDirtPhD,Klauskitty
PurrPrinThom,Klauskitty
macaron_amour,Klauskitty
Theresanother,Klauskitty
HangryPete,Klauskitty
PhDDDDD,Klauskitty
VetCartoonist,Klauskitty
aftersox,Klauskitty
HouseNegative9428,Klauskitty
intangiblemango,Klauskitty
fjaoaoaoao,Klauskitty
BGameiro,Klauskitty
why_farer,Klauskitty
lewisb42,Klauskitty
thebaroness75,Klauskitty
DrDirtPhD,Klauskitty
Klauskitty,Klauskitty
Klauskitty,Klauskitty
Klauskitty,Klauskitty
Klauskitty,Klauskitty
Klauskitty,Klauskitty
Klauskitty,Klauskitty
lewisb42,Klauskitty
PurrPrinThom,Klauskitty
ladyfallona,Klauskitty
GarmonboziaBlues,brynleeholsis
softsoulreader,brynleeholsis
brynleeholsis,brynleeholsis
BarbaraMerkin,methacrylic
CombinationJolly4448,methacrylic
scrubjays,methacrylic
dumplesqueak,methacrylic
physics_masochist,Sea_Sailor_7429
PhotoJim99,Sea_Sailor_7429
darknesswascheap,Sea_Sailor_7429
roy2roy,Sea_Sailor_7429
softsoulreader,hot_takes_generator
hot_takes_generator,hot_takes_generator
softsoulreader,hot_takes_generator
KSOdin2,hot_takes_generator
thereticent,hot_takes_generator
Character_Quote,hot_takes_generator
milmand,milmand
brandar,milmand
milmand,milmand
Odd_Recognition2199,dhawk64
dhawk64,dhawk64
Odd_Recognition2199,dhawk64
dr-dead-inside,dhawk64
dhawk64,dhawk64
drhoopoe,dhawk64
r3dl3g,dhawk64
r3dl3g,dhawk64
AerosolHubris,dhawk64
AerosolHubris,dhawk64
GiantRaspberry,dhawk64
AerosolHubris,dhawk64
AerosolHubris,dhawk64
r3dl3g,dhawk64
dhawk64,dhawk64
AerosolHubris,dhawk64
Odd_Recognition2199,dhawk64
Odd_Recognition2199,dhawk64
Odd_Recognition2199,dhawk64
mleok,dhawk64
Odd_Recognition2199,dhawk64
mleok,dhawk64
Odd_Recognition2199,dhawk64
Odd_Recognition2199,dhawk64
Odd_Recognition2199,dhawk64
Odd_Recognition2199,dhawk64
AerosolHubris,dhawk64
mleok,dhawk64
mleok,dhawk64
drhoopoe,dhawk64
Tai9ch,dhawk64
jus_undatus,dhawk64
calidrissy,dhawk64
digydegu,dhawk64
Odd_Recognition2199,dhawk64
Odd_Recognition2199,dhawk64
Odd_Recognition2199,dhawk64
Odd_Recognition2199,dhawk64
Odd_Recognition2199,dhawk64
Odd_Recognition2199,dhawk64
frugalacademic,dhawk64
origamialpaca,dhawk64
Tai9ch,dhawk64
jus_undatus,dhawk64
MathematicalSciences,dhawk64
mleok,dhawk64
Present-Anteater,dhawk64
mleok,dhawk64
Odd_Recognition2199,dhawk64
Odd_Recognition2199,dhawk64
Odd_Recognition2199,dhawk64
jus_undatus,dhawk64
Odd_Recognition2199,dhawk64
jus_undatus,dhawk64
mleok,dhawk64
mleok,dhawk64
Odd_Recognition2199,dhawk64
iElvendork,dhawk64
dhawk64,dhawk64
iElvendork,dhawk64
xJIllIIllk,dhawk64
Beor_The_Old,Queasy_Cup_8747
Queasy_Cup_8747,Queasy_Cup_8747
EconomistPunter,Queasy_Cup_8747
mrg9605,Queasy_Cup_8747
halfchemhalfbio,Queasy_Cup_8747
resonant_waves,Queasy_Cup_8747
macaron_amour,Queasy_Cup_8747
br_shadow,Queasy_Cup_8747
Beor_The_Old,Queasy_Cup_8747
cropguru357,Queasy_Cup_8747
Aromatic-Garbage-567,Queasy_Cup_8747
travelingtraveling_,Queasy_Cup_8747
impermissibility,Queasy_Cup_8747
Mencjusz,Queasy_Cup_8747
joseph_fourier,Queasy_Cup_8747
Queasy_Cup_8747,Queasy_Cup_8747
AerosolHubris,Queasy_Cup_8747
DerProfessor,Queasy_Cup_8747
foxonrocks,Queasy_Cup_8747
passthepepperplease,Queasy_Cup_8747
justhanging14,Queasy_Cup_8747
Queasy_Cup_8747,Queasy_Cup_8747
FancyMission3159,Queasy_Cup_8747
Hopere,Queasy_Cup_8747
urbanevol,Queasy_Cup_8747
urbanevol,Queasy_Cup_8747
partsunknown,Queasy_Cup_8747
Queasy_Cup_8747,Queasy_Cup_8747
justhanging14,Queasy_Cup_8747
pizzystrizzy,Queasy_Cup_8747
fjaoaoaoao,Queasy_Cup_8747
fjaoaoaoao,Queasy_Cup_8747
HopeSignificant2142,Queasy_Cup_8747
lunelah,Queasy_Cup_8747
Xeked,qiling
deadbirdonmyporch,qiling
Eigengrad,qiling
love2Vax,qiling
PhDDDDD,qiling
bitemenow999,qiling
apple-masher,qiling
apple-masher,qiling
InexorableDark,qiling
qiling,qiling
qiling,qiling
qiling,qiling
qiling,qiling
simmelianben,qiling
bitemenow999,qiling
qiling,qiling
apple-masher,qiling
qiling,qiling
apple-masher,qiling
qiling,qiling
badumudab,tessalator_2025
tessalator_2025,tessalator_2025
badumudab,tessalator_2025
tessalator_2025,tessalator_2025
badumudab,tessalator_2025
BlargAttack,SimpleStudentHelpMe
academia-ModTeam,SimpleStudentHelpMe
DrDirtPhD,TJHistory
TJHistory,TJHistory
AcademicOverAnalysis,TJHistory
AcademicOverAnalysis,TJHistory
TJHistory,TJHistory
AcademicOverAnalysis,TJHistory
AcademicOverAnalysis,TJHistory
scullery_scraps,TJHistory
AcademicOverAnalysis,TJHistory
lionofyhwh,TJHistory
lionofyhwh,TJHistory
JeremyTheRhino,TJHistory
Threefriendsofwinter,TJHistory
keicmkberly,TJHistory
DerProfessor,TJHistory
TJHistory,TJHistory
warneagle,TJHistory
Ready-Date-8615,MaskedMathematician
AcademicOverAnalysis,MaskedMathematician
user963852,todaythrowawayandwow
Meta_Professor,todaythrowawayandwow
todaythrowawayandwow,todaythrowawayandwow
Meta_Professor,todaythrowawayandwow
todaythrowawayandwow,todaythrowawayandwow
Meta_Professor,todaythrowawayandwow
lucianbelew,todaythrowawayandwow
RiverThatBends,todaythrowawayandwow
cienfuegos__,todaythrowawayandwow
quadprog,todaythrowawayandwow
WilliamMinorsWords,todaythrowawayandwow
DocHickory,todaythrowawayandwow
iamnotroberts,todaythrowawayandwow
iamnotroberts,todaythrowawayandwow
todaythrowawayandwow,todaythrowawayandwow
GoobKit5000,todaythrowawayandwow
girnigoe,todaythrowawayandwow
girnigoe,todaythrowawayandwow
girnigoe,todaythrowawayandwow
MulberryAggravating7,todaythrowawayandwow
roloclark,Unfair_Rest_5588
calidrissy,Unfair_Rest_5588
Sleepygoosehonks,Unfair_Rest_5588
rdcm1,Unfair_Rest_5588
alaskawolfjoe,Unfair_Rest_5588
rdcm1,Unfair_Rest_5588
Unfair_Rest_5588,Unfair_Rest_5588
Unfair_Rest_5588,Unfair_Rest_5588
alaskawolfjoe,Unfair_Rest_5588
rdcm1,Unfair_Rest_5588
alaskawolfjoe,Unfair_Rest_5588
rdcm1,Unfair_Rest_5588
impermissibility,Unfair_Rest_5588
impermissibility,Unfair_Rest_5588
rdcm1,Unfair_Rest_5588
impermissibility,Unfair_Rest_5588
rdcm1,Unfair_Rest_5588
impermissibility,Unfair_Rest_5588
rdcm1,Unfair_Rest_5588
impermissibility,Unfair_Rest_5588
WilliamMinorsWords,Unfair_Rest_5588
xJIllIIllk,Unfair_Rest_5588
travelingtraveling_,Unfair_Rest_5588
Obvious_Brain,Unfair_Rest_5588
rdcm1,Unfair_Rest_5588
xJIllIIllk,Unfair_Rest_5588
rdcm1,Unfair_Rest_5588
scientia-et-amicitia,lizgurl01
lizgurl01,lizgurl01
scientia-et-amicitia,lizgurl01
No-Calligrapher-3630,lizgurl01
lh123456789,hotsydney1975
alwaysbloo,hotsydney1975
HumanXeroxMachine,hotsydney1975
hotsydney1975,hotsydney1975
alwaysbloo,hotsydney1975
Othered_Academic,hotsydney1975
Marteloks,hotsydney1975
Watayahotel,hotsydney1975
kettlebellblack,hotsydney1975
HumanXeroxMachine,hotsydney1975
HumanXeroxMachine,hotsydney1975
HumanXeroxMachine,hotsydney1975
HumanXeroxMachine,hotsydney1975
warneagle,hotsydney1975
HumanXeroxMachine,hotsydney1975
Watayahotel,hotsydney1975
Marteloks,hotsydney1975
hotsydney1975,hotsydney1975
boiler_ram,Majestic-Ranger4713
ArcticPickle,Majestic-Ranger4713
boiler_ram,Majestic-Ranger4713
impermissibility,Majestic-Ranger4713
impermissibility,Majestic-Ranger4713
boiler_ram,Majestic-Ranger4713
Majestic-Ranger4713,Majestic-Ranger4713
boringhistoryfan,Majestic-Ranger4713
Majestic-Ranger4713,Majestic-Ranger4713
impermissibility,Majestic-Ranger4713
boiler_ram,Majestic-Ranger4713
boringhistoryfan,Majestic-Ranger4713
boiler_ram,Majestic-Ranger4713
boiler_ram,Majestic-Ranger4713
impermissibility,Majestic-Ranger4713
boiler_ram,Majestic-Ranger4713
boiler_ram,Majestic-Ranger4713
impermissibility,Majestic-Ranger4713
JeremyTheRhino,Majestic-Ranger4713
shrubbist,Majestic-Ranger4713
ayeayefitlike,Majestic-Ranger4713
epigeneticjoe,HumanXeroxMachine
AerosolHubris,HumanXeroxMachine
HumanXeroxMachine,HumanXeroxMachine
PurrPrinThom,HumanXeroxMachine
HumanXeroxMachine,HumanXeroxMachine
quadprog,HumanXeroxMachine
confuciansage,HumanXeroxMachine
cajunsoul,HumanXeroxMachine
antimony121,HumanXeroxMachine
RuralCapybara93,HumanXeroxMachine
True2215,HumanXeroxMachine
Mencjusz,HumanXeroxMachine
aaaaaabaaaaaabaaaaaa,HumanXeroxMachine
blaspq,HumanXeroxMachine
texasmuppet,HumanXeroxMachine
halavais,HumanXeroxMachine
apple-masher,HumanXeroxMachine
HumanXeroxMachine,HumanXeroxMachine
HumanXeroxMachine,HumanXeroxMachine
HumanXeroxMachine,HumanXeroxMachine
HumanXeroxMachine,HumanXeroxMachine
HumanXeroxMachine,HumanXeroxMachine
ELKuss,HumanXeroxMachine
Fancy_Routine,HumanXeroxMachine
follow_illumination,HumanXeroxMachine
follow_illumination,HumanXeroxMachine
follow_illumination,HumanXeroxMachine
OrdinaryJudgment,HumanXeroxMachine
warneagle,HumanXeroxMachine
Nosebleed68,GradSchoolConfusion7
Goober_Bean,deadmoby5
graviton_56,deadmoby5
Due_Plantain204,DrCryptography
DrCryptography,DrCryptography
Rockingduck-2014,DrCryptography
DrCryptography,DrCryptography
CliftonReed,No-Calligrapher-3630
yeoldetelephone,No-Calligrapher-3630
AcademicOverAnalysis,No-Calligrapher-3630
leondz,No-Calligrapher-3630
badumudab,No-Calligrapher-3630
quadprog,No-Calligrapher-3630
IHTFPhD,No-Calligrapher-3630
AcademicOverAnalysis,No-Calligrapher-3630
impermissibility,No-Calligrapher-3630
Rockingduck-2014,No-Calligrapher-3630
No-Calligrapher-3630,No-Calligrapher-3630
No-Calligrapher-3630,No-Calligrapher-3630
No-Calligrapher-3630,No-Calligrapher-3630
No-Calligrapher-3630,No-Calligrapher-3630
CliftonReed,No-Calligrapher-3630
henare,meldiwin
CowsDontTipForShit,meldiwin
idspispopd0,meldiwin
joetroughton,meldiwin
CerebralBypass,Camondw
Camondw,Camondw
Camondw,Camondw
hungerforlove,Camondw
boringhistoryfan,Camondw
mymixtapes,Camondw
Ill_Inflation7830,Camondw
DrabbleGeek,Camondw
halalbatman,Camondw
apple-masher,Camondw
Sleepygoosehonks,VirtualCell
crunchycyborg,VirtualCell
VirtualCell,VirtualCell
Sleepygoosehonks,VirtualCell
mhchewy,VirtualCell
dyslexda,VirtualCell
Sleepygoosehonks,VirtualCell
mleok,VirtualCell
VirtualCell,VirtualCell
VirtualCell,VirtualCell
Eigengrad,VirtualCell
Eigengrad,VirtualCell
mleok,VirtualCell
VirtualCell,VirtualCell
mediocre-spice,VirtualCell
mediocre-spice,VirtualCell
dyslexda,VirtualCell
dyslexda,VirtualCell
professorbix,VirtualCell
Eigengrad,VirtualCell
WilliamMinorsWords,VirtualCell
PumpkinCrumpet,VirtualCell
mleok,VirtualCell
radbiv_kylops,VirtualCell
YamAndBacon,tinykittens_
ElCondorHerido,tinykittens_
yeoldetelephone,tinykittens_
BLB99,tinykittens_
Apprehensive-Cat-163,tinykittens_
tinykittens_,tinykittens_
tinykittens_,tinykittens_
tinykittens_,tinykittens_
tinykittens_,tinykittens_
MountainRunnerBrunch,tinykittens_
tinykittens_,tinykittens_
MountainRunnerBrunch,tinykittens_
BLB99,tinykittens_
tinykittens_,tinykittens_
Mencjusz,Heidegger1236
EconomistPunter,East_Document9071
yarb3d,East_Document9071
impermissibility,East_Document9071
impermissibility,East_Document9071
Friesenplatz,East_Document9071
CliftonReed,East_Document9071
cation587,East_Document9071
academia-ModTeam,Career2Classroom
drarawlz,staticpastoral
staticpastoral,staticpastoral
drarawlz,staticpastoral
MsStormyTrump,fieldworkfroggy
AcademicOverAnalysis,fieldworkfroggy
FawltyPython,fieldworkfroggy
AliasNefertiti,fieldworkfroggy
SlazengerCan,fieldworkfroggy
Purple_Chipmunk_,fieldworkfroggy
hungerforlove,fieldworkfroggy
BlargAttack,fieldworkfroggy
StorageRecess,ljoanofarc
ljoanofarc,ljoanofarc
StorageRecess,ljoanofarc
mleok,Warbling_Warbler
bpenceUM,Warbling_Warbler
AerosolHubris,Warbling_Warbler
Warbling_Warbler,Warbling_Warbler
bpenceUM,Warbling_Warbler
carloserm,Warbling_Warbler
mleok,Warbling_Warbler
nsbound,amiafaillol
memescoper-,amiafaillol
bojangling,amiafaillol
LittlePrimate,amiafaillol
LittlePrimate,amiafaillol
follow_illumination,amiafaillol
quarky-physicist,amiafaillol
AllThatsFitToFlam,amiafaillol
amiafaillol,amiafaillol
BBBBPrime,amiafaillol
daniellcl49bm,amiafaillol
nsbound,amiafaillol
BBBBPrime,amiafaillol
aaaaaabaaaaaabaaaaaa,amiafaillol
cation587,amiafaillol
canththinkofanything,amiafaillol
dl064,amiafaillol
dl064,amiafaillol
quarky-physicist,amiafaillol
ph0rk,amiafaillol
DelveIntoTheShadow,amiafaillol
virchownode,amiafaillol
sophieereads,amiafaillol
lalalava,amiafaillol
Apprehensive-Drag201,amiafaillol
kimchifart,amiafaillol
JNJr,amiafaillol
zstars,Mencjusz
Capeflats2,meldiwin
tertipapse,meldiwin
tertipapse,meldiwin
DrippyCheeseDog,meldiwin
elevatormusicjams,meldiwin
PhDDDDD,PhilipTheFair
PhilipTheFair,PhilipTheFair
Ill_Department_2055,PhilipTheFair
AcademicOverAnalysis,PapaToni_y_MotoMami
PapaToni_y_MotoMami,PapaToni_y_MotoMami
Hopere,PapaToni_y_MotoMami
hungerforlove,PapaToni_y_MotoMami
AcademicOverAnalysis,PapaToni_y_MotoMami
AcademicOverAnalysis,PapaToni_y_MotoMami
nottttttttttttttt,PapaToni_y_MotoMami
Eigengrad,PapaToni_y_MotoMami
shedtear,PapaToni_y_MotoMami
Tsuroyu,PapaToni_y_MotoMami
brandar,PapaToni_y_MotoMami
Hopere,PapaToni_y_MotoMami
PapaToni_y_MotoMami,PapaToni_y_MotoMami
eumaximizer,PapaToni_y_MotoMami
drpepperusa,PapaToni_y_MotoMami
Ent_Soviet,PapaToni_y_MotoMami
TitaenBxl,PapaToni_y_MotoMami
Mencjusz,PapaToni_y_MotoMami
follow_illumination,PapaToni_y_MotoMami
JabbaTheWhat01,HADPER
Sargon920,HADPER
HADPER,HADPER
JabbaTheWhat01,HADPER
DrDirtPhD,canderson156
sophieereads,canderson156
Eigengrad,Slow-ish-work
cayosuz,Slow-ish-work
Slow-ish-work,Slow-ish-work
Slow-ish-work,Slow-ish-work
Nugget-Toasties,PhraseDifferent5979
SnooFoxes1323,PhraseDifferent5979
idspispopd0,PhraseDifferent5979
TakeOffYourMask,TakeOffYourMask
rejectallgoats,TakeOffYourMask
JahShuaaa,TakeOffYourMask
civver3,TakeOffYourMask
AerosolHubris,TakeOffYourMask
greenm71,TakeOffYourMask
lionofyhwh,TakeOffYourMask
Hopere,TakeOffYourMask
dhaudi,TakeOffYourMask
TakeOffYourMask,TakeOffYourMask
Hopere,TakeOffYourMask
TakeOffYourMask,TakeOffYourMask
Potential-Theme-4531,BenjaminSmith1998_
AcademicOverAnalysis,BenjaminSmith1998_
DerProfessor,BenjaminSmith1998_
gribau,BenjaminSmith1998_
Historical-Fan-6129,BenjaminSmith1998_
TheBeesTrees4,BenjaminSmith1998_
DerProfessor,BenjaminSmith1998_
drpepperusa,BenjaminSmith1998_
octocuddles,BenjaminSmith1998_
Kitchen-Ad2182,BenjaminSmith1998_
notrealsuredude,BenjaminSmith1998_
Threefriendsofwinter,BenjaminSmith1998_
Benderineurope,OtherVanilla5893
robobetaprey,OtherVanilla5893
rejectallgoats,OtherVanilla5893
ahjorth,OtherVanilla5893
fjaoaoaoao,OtherVanilla5893
Benderineurope,OtherVanilla5893
PapaToni_y_MotoMami,OtherVanilla5893
Ill_Department_2055,OtherVanilla5893
Ill_Department_2055,OtherVanilla5893
Peermarkify,OtherVanilla5893
SaltyHaskeller,OtherVanilla5893
slow4point0,OtherVanilla5893
apple-masher,OtherVanilla5893
orgtheory,OtherVanilla5893
Glowstickthrow,OtherVanilla5893
plaidHumanity,OtherVanilla5893
plaidHumanity,OtherVanilla5893
plaidHumanity,OtherVanilla5893
Mountain_Flow3472,OtherVanilla5893
boris23410,OtherVanilla5893
whycantusonicwood,OtherVanilla5893
ahjorth,OtherVanilla5893
MysteriousB,OtherVanilla5893
DazzlingCoast4368,OtherVanilla5893
DazzlingCoast4368,OtherVanilla5893
MysteriousB,OtherVanilla5893
DazzlingCoast4368,OtherVanilla5893
w1tchpunk,Snape_Prof
xtt-space,Snape_Prof
Snape_Prof,Snape_Prof
xtt-space,Snape_Prof
AceyAceyAcey,EducationalCake5309
ElCondorHerido,EducationalCake5309
warneagle,EducationalCake5309
Komischaffe,EducationalCake5309
ElCondorHerido,EducationalCake5309
shedtear,EducationalCake5309
idspispopd0,EducationalCake5309
Weekly-Ad353,EducationalCake5309
carloserm,Megustalations13
rampaging_baby_t-rex,Megustalations13
dhaudi,Megustalations13
Striking-Warning9533,Striking-Warning9533
redmagor,electropop999
AX-BY-CZ,Ambitious_Fail_7147
Ambitious_Fail_7147,Ambitious_Fail_7147
idspispopd0,Ambitious_Fail_7147
Peermarkify,Ambitious_Fail_7147
impermissibility,Acolaos
Peermarkify,Acolaos
Acolaos,Acolaos
Acolaos,Acolaos
Peermarkify,Acolaos
AcademicOverAnalysis,JamesTJackson
funnGuy1911,JamesTJackson
JackMitcham,JamesTJackson
aaaaaabaaaaaabaaaaaa,JamesTJackson
poop_on_you,hesceasch
youarebadatyourjob,hesceasch
poop_on_you,hesceasch
blaspq,hesceasch
1812CE,hesceasch
the_flying_condor,Jrjd94
aaaaaabaaaaaabaaaaaa,ceick618
ceick618,ceick618
aaaaaabaaaaaabaaaaaa,ceick618
ceick618,ceick618
AcademicOverAnalysis,ceick618
ceick618,ceick618
Orcpawn,ceick618
Cryptizard,ceick618
SpryArmadillo,ceick618
lalochezia1,ceick618
ESCognition,Sharp_Fee799
PristineAnt9,Sharp_Fee799
Sharp_Fee799,Sharp_Fee799
Single_Broccoli_745,Recent_Willow_160
Recent_Willow_160,Recent_Willow_160
Single_Broccoli_745,Recent_Willow_160
Recent_Willow_160,Recent_Willow_160
Single_Broccoli_745,Recent_Willow_160
robobetaprey,Recent_Willow_160
aaaaaabaaaaaabaaaaaa,Senor_Bullock
AlaskaScott,Senor_Bullock
Emily308,Senor_Bullock
Competitive_Tune_434,Senor_Bullock
GiantRaspberry,Senor_Bullock
stormchanger12,Senor_Bullock
professorbix,Senor_Bullock
ph0rk,Senor_Bullock
iElvendork,Senor_Bullock
iElvendork,Senor_Bullock
CapBar,Senor_Bullock
wookiewookiewhat,Senor_Bullock
AcademicOverAnalysis,Senor_Bullock
Emily308,Senor_Bullock
Emily308,Senor_Bullock
stormchanger12,Senor_Bullock
stormchanger12,Senor_Bullock
lalalava,Senor_Bullock
Emily308,Senor_Bullock
stormchanger12,Senor_Bullock
stormchanger12,Senor_Bullock
Senor_Bullock,Senor_Bullock
Senor_Bullock,Senor_Bullock
Senor_Bullock,Senor_Bullock
Senor_Bullock,Senor_Bullock
Senor_Bullock,Senor_Bullock
Senor_Bullock,Senor_Bullock
Senor_Bullock,Senor_Bullock
aaaaaabaaaaaabaaaaaa,Senor_Bullock
iElvendork,Senor_Bullock
DangerousBill,Senor_Bullock
Emily308,Senor_Bullock
stormchanger12,Senor_Bullock
Emotional__Swimmer,Senor_Bullock
Freedom420911,Senor_Bullock
Tahh,ExogenyKarl
ElCondorHerido,ExogenyKarl
warneagle,ExogenyKarl
BumAndBummer,AcademicOverAnalysis
Lavejel,AcademicOverAnalysis
st0j3,AcademicOverAnalysis
boilerlashes,AcademicOverAnalysis
DerProfessor,AcademicOverAnalysis
RemindMeBot,AcademicOverAnalysis
Eigengrad,AcademicOverAnalysis
rejectallgoats,AcademicOverAnalysis
henare,AcademicOverAnalysis
xenolingual,SimplicioTRex
d_m_916,crocokyle1
SparkleYeti,__nosleepp
Kati82,craigharper19
craigharper19,craigharper19
jt_keis,OhMonDieu2020
MountainRunnerBrunch,OhMonDieu2020
Realistic-Comb-1604,OhMonDieu2020
Dr_nacho_,ChampionshipSeveral4
AnotherDoctorGonzo,ChampionshipSeveral4
jus_undatus,Suntzie
user963852,Suntzie
lostintranslation36,Suntzie
DerBanzai,Suntzie
PristineFault663,Suntzie
RecklessCoding,Suntzie
kc_uses,Suntzie
Solivaga,Suntzie
Solivaga,Suntzie
RecklessCoding,Suntzie
dapt,Suntzie
youarebadatyourjob,Suntzie
DerBanzai,Suntzie
youarebadatyourjob,Suntzie
ayeayefitlike,Suntzie
WilliamMinorsWords,Suntzie
VoyageurEnNoir,Suntzie
hesceasch,Suntzie
Ill_Inflation7830,Suntzie
NightmareOx,Suntzie
Even-Scientist4218,Suntzie
elevatormusicjams,Suntzie
Life_time_learner,Suntzie
Even-Scientist4218,Suntzie
broveird,Suntzie
lionofyhwh,kigmaster
AceyAceyAcey,kigmaster
MercuriousPhantasm,kigmaster
plutosams,kigmaster
CockAndBullTorture_,kigmaster
rampaging_baby_t-rex,kigmaster
Meta_Professor,kigmaster
Drlmichele88,kigmaster
apple-masher,kigmaster
wmzer0mw,kigmaster
Ill_Department_2055,kigmaster
disgruntledmuppett,kigmaster
Average650,kigmaster
wirrbeltier,kigmaster
venerable4bede,kigmaster
Ill_Department_2055,kigmaster
Brusher79,kigmaster
cropguru357,kigmaster
pleasegetoffmycase,kigmaster
CockAndBullTorture_,kigmaster
Queasy_Cup_8747,kigmaster
Ace_of_Sevens,kigmaster
Several-Computer-978,kigmaster
PenguinSwordfighter,kigmaster
theredwoman95,kigmaster
marxist_redneck,kigmaster
bstowers,kigmaster
FawltyPython,kigmaster
AerosolHubris,kigmaster
AerosolHubris,kigmaster
Drell-Yan,kigmaster
liv_bee_222,kigmaster
Former-Ad2603,kigmaster
mleok,kigmaster
AddictionTransfer,kigmaster
requemao,kigmaster
requemao,kigmaster
PenguinSwordfighter,kigmaster
Queasy_Cup_8747,kigmaster
requemao,kigmaster
SnowblindAlbino,kigmaster
MsStormyTrump,_Monkfish_
AceyAceyAcey,_Monkfish_
Sleepygoosehonks,_Monkfish_
Sleepygoosehonks,_Monkfish_
statistress,_Monkfish_
CerebralBypass,Academic-Original897
pantaloonsofJUSTICE,Academic-Original897
Rockingduck-2014,Academic-Original897
PhDDDDD,Academic-Original897
mediocre-spice,Academic-Original897
KingfisherClaws,Academic-Original897
prudentpersian,Academic-Original897
cirrata,Academic-Original897
Professional_Pain411,Academic-Original897
crims0n-rosella,Academic-Original897
crims0n-rosella,Academic-Original897
Shirin-chay2001,Academic-Original897
Professional_Pain411,Academic-Original897
MulberryAggravating7,Academic-Original897
Shirin-chay2001,Academic-Original897
Ill_Inflation7830,PlainSailing_Jas
thatthatthatsit24,PlainSailing_Jas
Hopere,PlainSailing_Jas
AllamandaBelle,PlainSailing_Jas
tanman2115,PlainSailing_Jas
Significant-Glove521,Legitimate_Fox2196
AlaskaScott,Legitimate_Fox2196
rdcm1,Legitimate_Fox2196
mleok,Legitimate_Fox2196
kc_uses,Legitimate_Fox2196
joetroughton,Legitimate_Fox2196
JeremyTheRhino,Legitimate_Fox2196
BobasPett,Square2enkidu
World_Navel,Square2enkidu
Rockingduck-2014,Square2enkidu
botrickbateman,ValleyForge
Notthenipple,ValleyForge
cienfuegos__,weeklyoghurt
weeklyoghurt,weeklyoghurt
cienfuegos__,weeklyoghurt
weeklyoghurt,weeklyoghurt
cienfuegos__,weeklyoghurt
academia-ModTeam,muhraf
cacti182,matvau
Benderineurope,matvau
samizdat_kautilya,matvau
venerable4bede,matvau
AceyAceyAcey,matvau
Benderineurope,matvau
Grocheio,matvau
Leeps,matvau
krev1ce,matvau
nnomadic,matvau
wigglytails,matvau
nnomadic,matvau
an_unexamined_life,matvau
sandgrubber,matvau
MrSupremo,matvau
CerebralBypass,Ok_Science5230
exodusofficer,god_with_a_trolley
lostintranslation36,god_with_a_trolley
GasBallast,god_with_a_trolley
MountainRunnerBrunch,god_with_a_trolley
kimchifart,god_with_a_trolley
MountainRunnerBrunch,god_with_a_trolley
technocassandra,god_with_a_trolley
macaron_amour,god_with_a_trolley
Arnica20,god_with_a_trolley
spots_reddit,god_with_a_trolley
dontmakemereply,god_with_a_trolley
fancyfootwork19,god_with_a_trolley
luna-y-tuna,god_with_a_trolley
fjaoaoaoao,god_with_a_trolley
fjaoaoaoao,god_with_a_trolley
fjaoaoaoao,god_with_a_trolley
StatsOnATrain,god_with_a_trolley
wipekitty,god_with_a_trolley
PhysPhDFin,god_with_a_trolley
RoboticElfJedi,god_with_a_trolley
RoboticElfJedi,god_with_a_trolley
god_with_a_trolley,god_with_a_trolley
SnowblindAlbino,god_with_a_trolley
RoboticElfJedi,god_with_a_trolley
MsStormyTrump,god_with_a_trolley
quohr,god_with_a_trolley
zaopd,god_with_a_trolley
bottlerocketsci,god_with_a_trolley
bottlerocketsci,god_with_a_trolley
FawltyPython,god_with_a_trolley
FawltyPython,god_with_a_trolley
Life_time_learner,god_with_a_trolley
spots_reddit,god_with_a_trolley
god_with_a_trolley,god_with_a_trolley
dl064,god_with_a_trolley
rdcm1,god_with_a_trolley
GasBallast,god_with_a_trolley
Low_Relationship_616,god_with_a_trolley
NMJD,god_with_a_trolley
MsStormyTrump,god_with_a_trolley
BroCFD,god_with_a_trolley
jammerjoint,god_with_a_trolley
CrazyEeveeLady86,god_with_a_trolley
ScroogeMcBook,Significant_Rule_763
mlresearchoor,Significant_Rule_763
mlresearchoor,Significant_Rule_763
rdcm1,Significant_Rule_763
dogdogloglog,Significant_Rule_763
dogdogloglog,Significant_Rule_763
Significant_Rule_763,Significant_Rule_763
snekwavy_777,Significant_Rule_763
Significant_Rule_763,Significant_Rule_763
Significant_Rule_763,Significant_Rule_763
Drlmichele88,Significant_Rule_763
snekwavy_777,Significant_Rule_763
Life_time_learner,Significant_Rule_763
Significant_Rule_763,Significant_Rule_763
Significant_Rule_763,Significant_Rule_763
Significant_Rule_763,Significant_Rule_763
Drlmichele88,Significant_Rule_763
ScroogeMcBook,Significant_Rule_763
Life_time_learner,Significant_Rule_763
academia-ModTeam,muhraf
academia-ModTeam,Academic_writer_ke
Lazaryx,PlainSailing_Jas
PhDDDDD,PlainSailing_Jas
HappyHrHero,Black_Beard53
AcademicOverAnalysis,Black_Beard53
an_unexamined_life,Black_Beard53
ScholarPirate,Black_Beard53
Anthrogal11,throwawayy1502
vkllol,throwawayy1502
hesceasch,throwawayy1502
ucscpsychgrad,throwawayy1502
sophieereads,throwawayy1502
AceyAceyAcey,cantthinkofoneuse
im_not_short_,cantthinkofoneuse
xtt-space,cantthinkofoneuse
jammerjoint,cantthinkofoneuse
Naive_While_6177,cantthinkofoneuse
AerosolHubris,cantthinkofoneuse
AceyAceyAcey,cantthinkofoneuse
AerosolHubris,cantthinkofoneuse
PlayActingAnarchist,cantthinkofoneuse
physgm,cantthinkofoneuse
vanyali,cantthinkofoneuse
Frenchfryfairy5019,cantthinkofoneuse
Holosynian,cantthinkofoneuse
pandfny,East_Document9071
lanabey,East_Document9071
East_Document9071,East_Document9071
crims0n-rosella,East_Document9071
SayethWeAll,East_Document9071
Fluffy-Quarter2372,East_Document9071
Just_Bleed_,East_Document9071
SayethWeAll,East_Document9071
PhilipTheFair,East_Document9071
East_Document9071,East_Document9071
PhilipTheFair,East_Document9071
Peermarkify,Naive_While_6177
Odd_Recognition2199,Naive_While_6177
Naive_While_6177,Naive_While_6177
jammerjoint,Naive_While_6177
Naive_While_6177,Naive_While_6177
Odd_Recognition2199,Naive_While_6177
Naive_While_6177,Naive_While_6177
Odd_Recognition2199,Naive_While_6177
dugtrio77,small_batch_
Meta_Professor,small_batch_
Lost_property_,small_batch_
Da_Real_Hokage,small_batch_
Life_time_learner,small_batch_
Weekly-Ad353,Quinn_Lugh
MWL1190,Quinn_Lugh
Quinn_Lugh,Quinn_Lugh
MWL1190,Quinn_Lugh
Quinn_Lugh,Quinn_Lugh
MWL1190,Quinn_Lugh
lucianbelew,gReepOne1
ElCondorHerido,gReepOne1
academia-ModTeam,gReepOne1
cajunsoul,amcclurk21
Appropriate-Border94,amcclurk21
Zealousideal_Egg_568,amcclurk21
WilliamMinorsWords,amcclurk21
Zealousideal_Egg_568,amcclurk21
sp00kyversity,amcclurk21
sp00kyversity,amcclurk21
WilliamMinorsWords,amcclurk21
CosmicThief,amcclurk21
CosmicThief,amcclurk21
an_unexamined_life,amcclurk21
fjaoaoaoao,amcclurk21
gmeta369,amcclurk21
PM_ME_BIRDS_OF_PREY,amcclurk21
rejectallgoats,East_Document9071
VoyageurEnNoir,East_Document9071
East_Document9071,East_Document9071
East_Document9071,East_Document9071
AerosolHubris,East_Document9071
Lipotrophidae,East_Document9071
AerosolHubris,East_Document9071
Eigengrad,East_Document9071
VoyageurEnNoir,East_Document9071
wrong-dr,East_Document9071
Koenybahnoh,valkener1
valkener1,valkener1
Life_time_learner,valkener1
BicycleOk938,valkener1
valkener1,valkener1
sophieereads,valkener1
valkener1,valkener1
sophieereads,valkener1
academia-ModTeam,Lorddante01
carloserm,Mission-Analysis81
Broric,Mission-Analysis81
jlm9999,PancakesndSyrup
rainbowWar,Optimal-Original1754
throwawaypassingby01,Optimal-Original1754
MsStormyTrump,Optimal-Original1754
blondiecommie,Optimal-Original1754
AcademicOverAnalysis,Optimal-Original1754
WilliamMinorsWords,Optimal-Original1754
highgyjiggy,Optimal-Original1754
AddictionTransfer,Optimal-Original1754
BAMG10001,Optimal-Original1754
DangerousBill,Optimal-Original1754
Koenybahnoh,Optimal-Original1754
alaskawolfjoe,Optimal-Original1754
eldiablo_verde,Optimal-Original1754
DCR217,Optimal-Original1754
Lower_Weird4091,Optimal-Original1754
AddictionTransfer,Optimal-Original1754
WilliamMinorsWords,Optimal-Original1754
AddictionTransfer,Optimal-Original1754
tert_butoxide,Optimal-Original1754
alaskawolfjoe,Optimal-Original1754
AddictionTransfer,Optimal-Original1754
ProfSociallyDistant,Optimal-Original1754
ProfSociallyDistant,Optimal-Original1754
catfoodspork,Optimal-Original1754
TheGoodKitty,Optimal-Original1754
Optimal-Original1754,Optimal-Original1754
Optimal-Original1754,Optimal-Original1754
Optimal-Original1754,Optimal-Original1754
Optimal-Original1754,Optimal-Original1754
Optimal-Original1754,Optimal-Original1754
WilliamMinorsWords,Optimal-Original1754
WilliamMinorsWords,Optimal-Original1754
WilliamMinorsWords,Optimal-Original1754
Optimal-Original1754,Optimal-Original1754
ProfSociallyDistant,Optimal-Original1754
WilliamMinorsWords,Optimal-Original1754
ProfSociallyDistant,Optimal-Original1754
WilliamMinorsWords,Optimal-Original1754
ProfSociallyDistant,Optimal-Original1754
WilliamMinorsWords,Optimal-Original1754
Koenybahnoh,TakeOffYourMask
Leather_Lawfulness12,TakeOffYourMask
CerebralBypass,UTDroo
lh123456789,UTDroo
cajunsoul,UTDroo
ZellemTheGreat,UTDroo
AlaskaScott,UTDroo
Life_time_learner,UTDroo
cynikles,UTDroo
Ill_Inflation7830,UTDroo
Gwenbors,UTDroo
gmeta369,UTDroo
UTDroo,UTDroo
Yoortcan,UTDroo
xotaylorj,Allyonly
jt_keis,Allyonly
henare,Allyonly
crims0n-rosella,Allyonly
academia-ModTeam,Allyonly
FawltyPython,Lost-Chipmunk-2699
Appropriate-Border94,Lost-Chipmunk-2699
Lost-Chipmunk-2699,Lost-Chipmunk-2699
Lost-Chipmunk-2699,Lost-Chipmunk-2699
tert_butoxide,Lost-Chipmunk-2699
throwawaypassingby01,Lost-Chipmunk-2699
Just-a-Pea,Lost-Chipmunk-2699
wirrbeltier,Lost-Chipmunk-2699
leondz,Lost-Chipmunk-2699
Historical-Fan-6129,Lost-Chipmunk-2699
Lost-Chipmunk-2699,Lost-Chipmunk-2699
Lost-Chipmunk-2699,Lost-Chipmunk-2699
Lost-Chipmunk-2699,Lost-Chipmunk-2699
TransatlanticBug,Lost-Chipmunk-2699
pencilurchin,Lost-Chipmunk-2699
crims0n-rosella,Lost-Chipmunk-2699
Yoortcan,5tup1dfatman
BumAndBummer,5tup1dfatman
Dr_nacho_,5tup1dfatman
5tup1dfatman,5tup1dfatman
5tup1dfatman,5tup1dfatman
BumAndBummer,5tup1dfatman
5tup1dfatman,5tup1dfatman
Yoortcan,5tup1dfatman
5tup1dfatman,5tup1dfatman
5tup1dfatman,5tup1dfatman
Yoortcan,5tup1dfatman
5tup1dfatman,5tup1dfatman
Orcpawn,5tup1dfatman
bigmicrobiome,5tup1dfatman
BumAndBummer,5tup1dfatman
Sleepygoosehonks,Fluffy-Quarter2372
Ill_Inflation7830,Fluffy-Quarter2372
Crazy_Mosquito93,Fluffy-Quarter2372
sarsaparella,Fluffy-Quarter2372
JoannaLar,Fluffy-Quarter2372
carloserm,Acrobatic-Plantain28
HumanXeroxMachine,Acrobatic-Plantain28
vulevu25,Acrobatic-Plantain28
mhchewy,Acrobatic-Plantain28
professorbix,Acrobatic-Plantain28
real_cool_club,Acrobatic-Plantain28
bigmicrobiome,Acrobatic-Plantain28
secret_tiger101,Acrobatic-Plantain28
HumanXeroxMachine,ArchbishopBeardmouth
mhchewy,ArchbishopBeardmouth
ParsleyOutside,ArchbishopBeardmouth
HumanXeroxMachine,ArchbishopBeardmouth
--ikindahatereddit--,eimikaan
aaaaaabaaaaaabaaaaaa,eimikaan
dyslexda,eimikaan
Peermarkify,eimikaan
wipekitty,eimikaan
RiverThatBends,eimikaan
exodusofficer,eimikaan
aaaaaabaaaaaabaaaaaa,eimikaan
Arquebus_Popescu,eimikaan
I_Poop_Sometimes,eimikaan
Tatta_Tatta,eimikaan
anirudhsky,eimikaan
Rusty_B_Good,eimikaan
leondz,eimikaan
Average650,eimikaan
Average650,eimikaan
DnDandDryBread,eimikaan
anirudhsky,eimikaan
TheGoodKitty,eimikaan
Tatta_Tatta,eimikaan
tangoK1,eimikaan
eimikaan,eimikaan
asking_for_a_friend0,East_Document9071
Dragonfruit_98,East_Document9071
zstars,East_Document9071
karit00,East_Document9071
Dragonfruit_98,East_Document9071
macaron_amour,East_Document9071
karit00,East_Document9071
WikiSummarizerBot,East_Document9071
Dragonfruit_98,East_Document9071
karit00,East_Document9071
Dragonfruit_98,East_Document9071
karit00,East_Document9071
Dragonfruit_98,East_Document9071
AcademicOverAnalysis,miss_velveteen
miss_velveteen,miss_velveteen
AceyAceyAcey,Anabibazon_
Anabibazon_,Anabibazon_
Dr_nacho_,Anabibazon_
lostintranslation36,Anabibazon_
CosmicThief,Anabibazon_
Anabibazon_,Anabibazon_
Yoortcan,Anabibazon_
SpeculativeKrypto,Anabibazon_
hungerforlove,gjeter00
Mencjusz,gjeter00
eumaximizer,gjeter00
BloodyRears,gjeter00
kosmonavt-alyosha,Zandor1971
ph0rk,Zandor1971
nsbound,Zandor1971
sporkwantsfoon,Zandor1971
impermissibility,Zandor1971
Rusty_B_Good,Zandor1971
Queasy_Cup_8747,Zandor1971
AnnaGreen3,Zandor1971
danieltkessler,Zandor1971
ThyZAD,Zandor1971
ph0rk,Zandor1971
gasstation-no-pumps,Zandor1971
ph0rk,Zandor1971
ph0rk,Zandor1971
gasstation-no-pumps,Zandor1971
Threefriendsofwinter,Zandor1971
Threefriendsofwinter,Zandor1971
Tahh,Zandor1971
Tahh,Zandor1971
Upcountrymarch,Zandor1971
Queasy_Cup_8747,Zandor1971
venerable4bede,Lipwe
Lipwe,Lipwe
Broric,Violin_biking
Violin_biking,Violin_biking
googlywhale,Violin_biking
Violin_biking,Violin_biking
Vievite,Violin_biking
Happilydepressed123,Violin_biking
__zack,Violin_biking
Broric,Violin_biking
strawberrymarshmello,Violin_biking
MulberryAggravating7,Violin_biking
Middle_Sector_6211,Violin_biking
grfede1,Violin_biking
Competitive_Bike_486,Violin_biking
whycantusonicwood,Violin_biking
lanabey,merchantsmutual
Mencjusz,merchantsmutual
merchantsmutual,merchantsmutual
Anthrogal11,merchantsmutual
lanabey,merchantsmutual
_Jerkus,merchantsmutual
leifalreadyexists,merchantsmutual
frugalacademic,merchantsmutual
PhilipTheFair,merchantsmutual
viscousrobot46,merchantsmutual
Suntzie,merchantsmutual
sezza8999,merchantsmutual
o_nigiri_riceball,merchantsmutual
Alt-One-More,merchantsmutual
TheAnalogKoala,merchantsmutual
TrishaThoon,merchantsmutual
creaturefeature83,merchantsmutual
Caleb_Trask19,merchantsmutual
creaturefeature83,merchantsmutual
lostintranslation36,merchantsmutual
digincircles,merchantsmutual
digincircles,merchantsmutual
TJHistory,merchantsmutual
SnowblindAlbino,merchantsmutual
SnowblindAlbino,merchantsmutual
Ill_Department_2055,merchantsmutual
SnowblindAlbino,merchantsmutual
roloclark,Sad-Wheel8349
p1ckl3s_are_ev1l,Sad-Wheel8349
tasteface,Sad-Wheel8349
MulberryAggravating7,Sad-Wheel8349
SilverFoxAcademic,Sad-Wheel8349
AceyAceyAcey,Clear-Cucumber-9538
Cool-Permit-7725,Clear-Cucumber-9538
Dr_nacho_,Clear-Cucumber-9538
wfbswimmerx,Clear-Cucumber-9538
Dr_nacho_,Clear-Cucumber-9538
AttitudeNo6896,Clear-Cucumber-9538
Kylaran,Clear-Cucumber-9538
Clear-Cucumber-9538,Clear-Cucumber-9538
NMJD,Clear-Cucumber-9538
zskiier,Clear-Cucumber-9538
Clear-Cucumber-9538,Clear-Cucumber-9538
macaron_amour,Clear-Cucumber-9538
AttitudeNo6896,Clear-Cucumber-9538
MulberryAggravating7,Clear-Cucumber-9538
AttitudeNo6896,Clear-Cucumber-9538
Dr_nacho_,darxilius
AcademicOverAnalysis,darxilius
Aster_Asteraceae,darxilius
EvolutionDude,darxilius
Efficient_Host_1345,darxilius
joseph_fourier,darxilius
Average650,KeyPop7800
youarebadatyourjob,KeyPop7800
RiverThatBends,KeyPop7800
KeyPop7800,KeyPop7800
PhDDDDD,KeyPop7800
AcademicOverAnalysis,Robynsquest
brandar,Robynsquest
in_finiti,Robynsquest
Nosebleed68,iamjeremybentham
iamjeremybentham,iamjeremybentham
Nosebleed68,iamjeremybentham
iamjeremybentham,iamjeremybentham
Nosebleed68,iamjeremybentham
iamjeremybentham,iamjeremybentham
JimmyTheCrossEyedDog,iamjeremybentham
cropguru357,iamjeremybentham
iamjeremybentham,iamjeremybentham
iamjeremybentham,iamjeremybentham
youarebadatyourjob,iamjeremybentham
JimmyTheCrossEyedDog,iamjeremybentham
iamjeremybentham,iamjeremybentham
iamjeremybentham,iamjeremybentham
the_Q_spice,iamjeremybentham
iamjeremybentham,iamjeremybentham
the_Q_spice,iamjeremybentham
cropguru357,iamjeremybentham
iamjeremybentham,iamjeremybentham
iamjeremybentham,iamjeremybentham
SnowblindAlbino,iamjeremybentham
SnowblindAlbino,iamjeremybentham
iamjeremybentham,iamjeremybentham
iamjeremybentham,iamjeremybentham
MulberryAggravating7,iamjeremybentham
Rockingduck-2014,iamjeremybentham
RTVGP,iamjeremybentham
iamjeremybentham,iamjeremybentham
CerebralBypass,mrt1416
mrt1416,mrt1416
unkemptkitsch,mrt1416
CerebralBypass,mrt1416
mrt1416,mrt1416
unkemptkitsch,mrt1416
academia-ModTeam,muhraf
LtCmdrData,Queasy_Cup_8747
Queasy_Cup_8747,Queasy_Cup_8747
ProfessorrFate,Queasy_Cup_8747
Mobile-Pristine,Queasy_Cup_8747
activelypooping,Queasy_Cup_8747
Queasy_Cup_8747,Queasy_Cup_8747
Queasy_Cup_8747,Queasy_Cup_8747
Queasy_Cup_8747,Queasy_Cup_8747
Queasy_Cup_8747,Queasy_Cup_8747
Queasy_Cup_8747,Queasy_Cup_8747
Queasy_Cup_8747,Queasy_Cup_8747
professorbix,Queasy_Cup_8747
IHTFPhD,Queasy_Cup_8747
ddeeppiixx,Queasy_Cup_8747
ginger_beer_m,Queasy_Cup_8747
Obvious_Brain,Queasy_Cup_8747
neoclassical_123,Queasy_Cup_8747
mrtac96,Queasy_Cup_8747
EdSmith77,Queasy_Cup_8747
ljoanofarc,Queasy_Cup_8747
mhchewy,Queasy_Cup_8747
Practical-Smell-7679,Queasy_Cup_8747
Queasy_Cup_8747,Queasy_Cup_8747
chewie_42,Queasy_Cup_8747
The_mad_Raccon,Queasy_Cup_8747
kodakrat74,Queasy_Cup_8747
Life_time_learner,Queasy_Cup_8747
academia-ModTeam,muhraf
Lucasmoorim,Usual-Ad-7717
Usual-Ad-7717,Usual-Ad-7717
cactoidjane,Usual-Ad-7717
rehrev,Usual-Ad-7717
fjaoaoaoao,Usual-Ad-7717
Sec_ondAcc_unt,Usual-Ad-7717
xenolingual,Usual-Ad-7717
NanoExp,Usual-Ad-7717
EFisImportant,JohnLeeMangos
EmmaWK,JohnLeeMangos
Orcpawn,JohnLeeMangos
GasBallast,JohnLeeMangos
NightmareOx,Dry_Dragonfruit_3269
AcademicOverAnalysis,Dry_Dragonfruit_3269
Dry_Dragonfruit_3269,Dry_Dragonfruit_3269
Dry_Dragonfruit_3269,Dry_Dragonfruit_3269
rdcm1,Dry_Dragonfruit_3269
cheatersfive,Dry_Dragonfruit_3269
throwawaypassingby01,Dry_Dragonfruit_3269
DangerousBill,Dry_Dragonfruit_3269
Dr_nacho_,Dry_Dragonfruit_3269
Andromeda321,Dry_Dragonfruit_3269
Dark0bert,Dry_Dragonfruit_3269
joseph_fourier,Dry_Dragonfruit_3269
frugalacademic,Dry_Dragonfruit_3269
Dry_Dragonfruit_3269,Dry_Dragonfruit_3269
Dry_Dragonfruit_3269,Dry_Dragonfruit_3269
Dry_Dragonfruit_3269,Dry_Dragonfruit_3269
Dry_Dragonfruit_3269,Dry_Dragonfruit_3269
Andromeda321,Dry_Dragonfruit_3269
joseph_fourier,Dry_Dragonfruit_3269
AlbertP95,Dry_Dragonfruit_3269
NightmareOx,Dry_Dragonfruit_3269
AcademicOverAnalysis,Dry_Dragonfruit_3269
ph3nixdown,Dry_Dragonfruit_3269
ahairysplat,Sharklo22
jlm9999,Sharklo22
DCR217,Sharklo22
sniffstardust,Sharklo22
Sharklo22,Sharklo22
Sharklo22,Sharklo22
jlm9999,Sharklo22
no_mango,Sharklo22
Sharklo22,Sharklo22
DCR217,Sharklo22
fresababyy,Laguz01
mollymayhem08,Laguz01
Laguz01,Laguz01
urmedieval,Laguz01
mollymayhem08,Laguz01
quincyd,Laguz01
TJHistory,Laguz01
drhoopoe,Laguz01
TransatlanticBug,Laguz01
sporkwantsfoon,Laguz01
fractal-recursivity,Laguz01
dwntwnktbrwnn,Laguz01
xidifen,Odd-Bicycle-1580
joseph_fourier,Odd-Bicycle-1580
acadummy,Odd-Bicycle-1580
Minimum_Mortgage_991,aayra69
aayra69,aayra69
cienfuegos__,aayra69
Minimum_Mortgage_991,aayra69
aayra69,aayra69
No-Double6415,aayra69
Ill_Department_2055,aayra69
aayra69,aayra69
No-Double6415,dratinyna
DrDirtPhD,dratinyna
DerBassSpieler,dratinyna
leondz,dratinyna
hbsethginmaster,dratinyna
hbsethginmaster,dratinyna
wipekitty,dratinyna
ColourlessGreenIdeas,dratinyna
Peekochu,dratinyna
an_unexamined_life,dratinyna
dvjax,dratinyna
rox_et_al,dratinyna
kimchifart,dratinyna
frugalacademic,dratinyna
meowmemeow,dratinyna
huckthafuck,dratinyna
TecNoir98,dratinyna
doornroosje,dratinyna
CerebralBypass,DragonflyWhich7140
youarebadatyourjob,DragonflyWhich7140
kathurima_4,DragonflyWhich7140
an_unexamined_life,DragonflyWhich7140
cropguru357,DragonflyWhich7140
nottttttttttttttt,DragonflyWhich7140
wipekitty,DragonflyWhich7140
nottttttttttttttt,DragonflyWhich7140
DavidBrooker,DragonflyWhich7140
CerebralBypass,pat_the_potato
confuciansage,pat_the_potato
CerebralBypass,Queasy_Cup_8747
Queasy_Cup_8747,Queasy_Cup_8747
Life_time_learner,Queasy_Cup_8747
Queasy_Cup_8747,Queasy_Cup_8747
Hungry-Recording-635,Acceptable-Fall4118
Adventurous-Edge2787,Acceptable-Fall4118
JahShuaaa,fieldworkfroggy
AttitudeNo6896,fieldworkfroggy
fieldworkfroggy,fieldworkfroggy
saintmetal10,fieldworkfroggy
AttitudeNo6896,fieldworkfroggy
JoySkullyRH,fieldworkfroggy
SnowblindAlbino,fieldworkfroggy
Rusty_B_Good,fieldworkfroggy
scintor,fieldworkfroggy
in_finiti,fieldworkfroggy
--MCMC--,fieldworkfroggy
taterthottrot,fieldworkfroggy
a-deer-fox,fieldworkfroggy
Robo-Connery,fieldworkfroggy
drunkinmidget,fieldworkfroggy
Rockingduck-2014,fieldworkfroggy
Queasy_Cup_8747,KaleMunoz
Meta_Professor,KaleMunoz
Nosebleed68,KaleMunoz
Koenybahnoh,KaleMunoz
AerosolHubris,KaleMunoz
Queasy_Cup_8747,KaleMunoz
AerosolHubris,KaleMunoz
Queasy_Cup_8747,KaleMunoz
AlbertP95,10chew
TransatlanticBug,10chew
10chew,10chew
10chew,10chew
academia-ModTeam,worthyslave
DerBassSpieler,not_heisenberg_not
AcademicOverAnalysis,not_heisenberg_not
physgm,letmechooseanamepliz
HappyHrHero,letmechooseanamepliz
notaskindoctor,letmechooseanamepliz
sleepingbeau,letmechooseanamepliz
physgm,letmechooseanamepliz
letmechooseanamepliz,letmechooseanamepliz
letmechooseanamepliz,letmechooseanamepliz
physgm,letmechooseanamepliz
academia-ModTeam,BhartiSharma01
whycantusonicwood,roughcall19
RoboticElfJedi,roughcall19
AlbertP95,roughcall19
an_unexamined_life,Joker4U2C
Joker4U2C,Joker4U2C
asking_for_a_friend0,Joker4U2C
Joker4U2C,Joker4U2C
asking_for_a_friend0,Joker4U2C
ph0rk,Joker4U2C
Joker4U2C,Joker4U2C
ph0rk,Joker4U2C
Joker4U2C,Joker4U2C
ph0rk,Joker4U2C
Joker4U2C,Joker4U2C
ph0rk,Joker4U2C
Joker4U2C,Joker4U2C
an_unexamined_life,Joker4U2C
Joker4U2C,Joker4U2C
an_unexamined_life,Joker4U2C
hltlang,Joker4U2C
hltlang,Joker4U2C
hltlang,Joker4U2C
Joker4U2C,Joker4U2C
PlatyPouss,Joker4U2C
Joker4U2C,Joker4U2C
hltlang,Joker4U2C
Gaspar_Noe,Joker4U2C
Joker4U2C,Joker4U2C
Gaspar_Noe,Joker4U2C
brundybg,Joker4U2C
Joker4U2C,Joker4U2C
Joker4U2C,Joker4U2C
versaceblues,Joker4U2C
versaceblues,Joker4U2C
versaceblues,Joker4U2C
holldoll_28,Joker4U2C
versaceblues,Joker4U2C
FriddyNanz,Joker4U2C
PotentiallyPants,Joker4U2C
versaceblues,Joker4U2C
Joker4U2C,Joker4U2C
vanyali,Joker4U2C
FriddyNanz,Joker4U2C
an_unexamined_life,Joker4U2C
ph0rk,Joker4U2C
Joker4U2C,Joker4U2C
an_unexamined_life,Joker4U2C
oGxFoopFoopv2,Joker4U2C
Joker4U2C,Joker4U2C
Joker4U2C,Joker4U2C
holldoll_28,Joker4U2C
oGxFoopFoopv2,Joker4U2C
underplath,Joker4U2C
ye_itsher,Joker4U2C
mooseneck,Joker4U2C
mediocre-spice,Joker4U2C
mediocre-spice,Joker4U2C
virchownode,Joker4U2C
mediocre-spice,Joker4U2C
versaceblues,Joker4U2C
Joker4U2C,Joker4U2C
mediocre-spice,Joker4U2C
virchownode,Joker4U2C
versaceblues,Joker4U2C
mediocre-spice,Joker4U2C
runthepoint1,Joker4U2C
Suicidalsocialistcat,Joker4U2C
TakeOffYourMask,Joker4U2C
ph0rk,Joker4U2C
TakeOffYourMask,Joker4U2C
TakeOffYourMask,Joker4U2C
Kingarvan,Joker4U2C
Joker4U2C,Joker4U2C
Joker4U2C,Joker4U2C
sophos_sisifos,Joker4U2C
karit00,Joker4U2C
rinsdesyu,Joker4U2C
rinsdesyu,Joker4U2C
Joker4U2C,Joker4U2C
rinsdesyu,Joker4U2C
rinsdesyu,Joker4U2C
Joker4U2C,Joker4U2C
rinsdesyu,Joker4U2C
Joker4U2C,Joker4U2C
rinsdesyu,Joker4U2C
rinsdesyu,Joker4U2C
Joker4U2C,Joker4U2C
rinsdesyu,Joker4U2C
rinsdesyu,Joker4U2C
Joker4U2C,Joker4U2C
rinsdesyu,Joker4U2C
Joker4U2C,Joker4U2C
rinsdesyu,Joker4U2C
Suicidalsocialistcat,Joker4U2C
Joker4U2C,Joker4U2C
Natchamatcha,Joker4U2C
Joker4U2C,Joker4U2C
karit00,Joker4U2C
EconomistPunter,Adelrick_Cadeniux
ProfessorrFate,Adelrick_Cadeniux
Adelrick_Cadeniux,Adelrick_Cadeniux
ProfessorrFate,Adelrick_Cadeniux
love2Vax,Adelrick_Cadeniux
boringhistoryfan,jt_keis
jt_keis,jt_keis
lh123456789,Milica-1990
Milica-1990,Milica-1990
Yoortcan,Milica-1990
ProfessorrFate,Milica-1990
TriclopyrEster,sighsighweep
BananasonThebrain,sighsighweep
ColourlessGreenIdeas,sighsighweep
ColourlessGreenIdeas,sighsighweep
sighsighweep,sighsighweep
sighsighweep,sighsighweep
xidifen,bethshw
follow_illumination,bethshw
darknessaqua20,bethshw
Gapppy,bethshw
radams78,bethshw
alaskawolfjoe,bethshw
professorbix,bethshw
carloserm,bethshw
Protean_Protein,bethshw
isparavanje,bethshw
hooskworks,bethshw
chillaxmango,bethshw
SnowblindAlbino,bethshw
SnowblindAlbino,bethshw
follow_illumination,bethshw
follow_illumination,bethshw
throwawaypassingby01,bethshw
mahoagie,bethshw
isparavanje,bethshw
follow_illumination,bethshw
eschro1287,bethshw
SnowblindAlbino,bethshw
SnowblindAlbino,bethshw
follow_illumination,bethshw
Sociological_Duck,bethshw
scintor,bethshw
alaskawolfjoe,bethshw
alaskawolfjoe,bethshw
Protean_Protein,bethshw
really_tall_horses,bethshw
petdance,bethshw
NewCenturyNarratives,bethshw
noshtochele,bethshw
bethshw,bethshw
follow_illumination,bethshw
LotusSleep,requiem050410
requiem050410,requiem050410
AcademicOverAnalysis,requiem050410
LotusSleep,requiem050410
BumAndBummer,requiem050410
PleasantLanguage,requiem050410
Framazia,requiem050410
ProfessorrFate,Firm_Bug_7146
Firm_Bug_7146,Firm_Bug_7146
ProfessorrFate,Firm_Bug_7146
AcademicOverAnalysis,LiquoriceCrunch
Nosebleed68,michmich7
jt_keis,AriaMaryott
Meta_Professor,AriaMaryott
AriaMaryott,AriaMaryott
AriaMaryott,AriaMaryott
Meta_Professor,AriaMaryott
AriaMaryott,AriaMaryott
Sbonkers,AriaMaryott
Meta_Professor,AriaMaryott
AriaMaryott,AriaMaryott
DerBassSpieler,PleasantLanguage
RagePoop,PleasantLanguage
WockoJillink,PleasantLanguage
FawltyPython,PleasantLanguage
PleasantLanguage,PleasantLanguage
wirrbeltier,PleasantLanguage
doctor_frankenfine,PleasantLanguage
exodusofficer,PleasantLanguage
AerosolHubris,PleasantLanguage
expert_worrier,PleasantLanguage
Koenybahnoh,NiteNiteSpiderBite
NiteNiteSpiderBite,NiteNiteSpiderBite
DoctorBroDude,NiteNiteSpiderBite
NiteNiteSpiderBite,NiteNiteSpiderBite
memescoper-,NiteNiteSpiderBite
Weekly-Ad353,NiteNiteSpiderBite
